age,income,loan_amount,loan_term_months,credit_score,employment_years,num_prior_defaults,home_ownership,purpose,default
41,165766,575961,40,647,7,0,rent,auto,1
28,140095,768566,35,719,10,0,mortgage,education,1
46,272081,581996,52,717,0,0,rent,personal,1
47,250223,1171649,47,584,5,0,mortgage,personal,1
18,51425,928936,6,636,9,1,rent,education,1
25,354721,407742,46,471,6,0,rent,auto,1
39,208697,404592,18,628,12,0,mortgage,education,1
35,86688,640909,10,556,0,0,own,personal,1
38,362654,248594,33,605,0,0,own,medical,1
29,295081,849886,43,485,9,0,mortgage,home_improvement,1
47,68255,608480,6,652,9,0,mortgage,personal,1
46,433262,576938,49,484,5,2,own,business,1
39,299056,706086,50,632,8,0,mortgage,personal,1
49,218776,1016849,37,522,9,0,rent,auto,1
43,410826,551287,20,552,3,0,rent,auto,1
29,239116,466088,18,712,3,0,mortgage,personal,1
42,216630,952616,54,667,7,1,rent,personal,1
28,140764,790265,9,712,10,0,mortgage,business,1
47,289822,403706,55,745,1,0,rent,business,1
38,277192,501556,33,558,5,0,rent,home_improvement,1
36,221762,558614,34,740,5,1,rent,home_improvement,1
31,125202,608544,6,503,8,0,own,auto,1
50,235592,93020,33,680,6,1,mortgage,personal,0
36,211624,50000,47,581,4,0,rent,personal,0
34,59983,233783,12,546,11,0,rent,education,1
34,43383,210578,45,669,4,0,rent,business,1
43,287818,306853,38,696,5,0,rent,personal,1
42,20000,690413,24,693,0,1,own,personal,1
42,244649,449321,51,637,3,0,own,auto,1
42,162630,558918,6,631,8,1,rent,home_improvement,1
59,376990,132709,42,662,7,0,rent,auto,0
34,160784,361507,65,644,8,0,own,medical,1
33,299138,676177,62,663,8,0,rent,auto,1
30,172370,678486,43,636,14,0,rent,auto,1
44,233650,282628,31,687,3,0,own,auto,1
49,308420,548499,25,490,0,0,rent,business,1
37,164493,1159654,31,609,2,0,rent,medical,1
30,339587,494721,46,509,3,0,rent,auto,1
30,100756,292044,21,642,2,0,mortgage,personal,1
45,255351,447871,50,751,6,0,rent,personal,1
45,330717,527653,74,582,11,0,mortgage,personal,1
43,299204,454649,35,630,12,0,own,personal,1
31,449973,490594,12,681,8,0,own,personal,1
40,128387,66966,12,455,15,0,mortgage,medical,0
39,54502,211211,50,578,5,0,rent,business,1
40,100680,455199,35,649,0,0,rent,medical,1
47,299253,450420,52,388,10,0,rent,medical,1
40,279751,330143,26,542,0,0,own,home_improvement,1
45,232271,446896,51,708,3,0,own,home_improvement,1
39,85245,518304,33,700,8,0,mortgage,personal,1
41,312024,766824,23,650,6,1,own,personal,1
44,73035,470236,29,691,5,1,rent,personal,1
23,359074,619731,14,637,1,0,rent,home_improvement,1
35,562893,337520,72,664,6,0,rent,personal,0
33,263974,671629,34,595,10,0,mortgage,auto,1
32,289973,612719,48,629,6,1,rent,education,1
35,160857,759745,26,569,3,1,mortgage,education,1
53,20000,714038,17,721,1,0,rent,education,1
29,147674,676621,32,742,3,0,own,business,1
48,88853,470475,56,730,8,0,rent,education,1
21,46359,573482,27,587,7,0,mortgage,business,1
35,426683,819053,20,544,3,1,rent,personal,1
40,252744,304378,39,722,0,2,own,business,1
44,265563,311478,45,664,8,0,mortgage,education,1
45,182917,554429,66,646,2,0,own,personal,1
46,199255,624584,42,569,9,0,rent,home_improvement,1
35,335746,252768,48,654,3,3,mortgage,home_improvement,1
33,216120,477571,49,533,2,0,rent,business,1
47,283683,471800,15,671,7,0,rent,home_improvement,1
36,196479,50000,19,730,15,1,own,auto,0
25,178942,434122,16,750,9,0,mortgage,personal,1
27,51170,452805,12,677,7,0,rent,personal,1
29,20000,451912,50,509,7,0,mortgage,business,1
43,188613,924774,41,636,0,0,mortgage,business,1
39,226780,135261,37,791,2,0,own,home_improvement,0
45,65664,252613,6,551,0,1,rent,business,1
34,215863,50000,73,615,13,0,mortgage,education,0
40,226450,355725,20,733,12,1,rent,personal,1
44,20000,381307,73,669,8,1,rent,personal,1
35,110185,347007,10,818,7,0,rent,auto,1
43,268872,832303,21,561,0,0,mortgage,business,1
31,266447,758185,6,541,5,0,rent,personal,1
34,81559,523357,43,718,13,0,rent,home_improvement,1
34,239014,388816,16,524,7,1,rent,medical,1
26,342689,807857,17,604,4,0,rent,auto,1
43,313249,494073,11,615,0,0,mortgage,home_improvement,1
33,208566,254519,50,703,12,1,own,education,1
38,163843,50000,49,669,6,0,mortgage,medical,0
43,144479,367606,69,657,0,0,mortgage,auto,1
42,276138,726393,24,588,2,0,rent,auto,1
45,243412,1182962,40,717,1,0,mortgage,personal,1
37,295528,518483,13,850,5,0,mortgage,education,1
34,235825,270393,30,675,7,0,mortgage,business,1
37,318252,144510,27,628,4,0,mortgage,home_improvement,0
21,231351,665586,44,516,9,1,rent,home_improvement,1
24,314163,50000,54,569,6,0,mortgage,personal,0
25,324499,665104,54,603,10,1,rent,home_improvement,1
28,123457,745313,21,577,5,0,mortgage,personal,1
42,20000,630884,54,619,18,0,rent,personal,1
29,405219,434101,35,762,4,0,own,medical,1
34,250799,669482,30,720,2,0,mortgage,home_improvement,1
51,20000,551282,23,607,2,0,own,home_improvement,1
34,134342,266563,26,523,5,1,rent,business,1
45,312625,1055124,67,727,0,1,mortgage,personal,1
29,186439,394496,42,616,7,2,mortgage,personal,1
36,158553,732726,39,482,0,0,own,personal,1
28,388106,50000,31,677,7,0,mortgage,education,0
35,94326,882941,80,702,1,0,mortgage,auto,1
46,124222,940629,59,426,4,0,mortgage,personal,1
21,245366,508950,23,554,8,0,rent,auto,1
42,266855,667631,31,611,15,0,own,education,1
40,279561,667555,32,679,2,0,mortgage,medical,1
32,329349,307165,39,579,5,0,mortgage,auto,1
24,243829,664137,23,553,3,0,rent,auto,1
39,278726,257411,44,678,3,2,rent,medical,1
33,188895,317373,62,583,3,0,rent,medical,1
40,227524,838083,12,663,9,1,mortgage,personal,1
38,232904,792397,16,531,4,1,mortgage,personal,1
54,245812,288087,27,512,15,0,own,home_improvement,1
36,312705,279927,28,680,8,0,rent,medical,1
28,286617,306321,72,640,2,0,rent,personal,1
40,225306,719792,54,694,5,0,mortgage,education,1
40,122905,200005,53,577,3,0,rent,education,1
52,228121,607014,31,556,9,1,rent,personal,1
46,216638,724054,31,729,0,0,rent,personal,1
42,243182,473526,10,498,1,0,mortgage,home_improvement,1
53,484783,803019,50,720,4,0,own,education,1
26,157147,408707,45,726,9,0,rent,personal,1
32,270675,435843,59,689,11,0,rent,business,1
29,348215,206826,32,565,12,0,mortgage,auto,0
34,231760,805153,33,555,8,1,rent,education,1
24,500541,270044,39,603,6,0,rent,auto,0
44,174635,604932,52,516,9,1,rent,personal,1
36,258891,478605,10,543,1,0,rent,personal,1
23,124143,184165,49,672,0,0,mortgage,home_improvement,1
28,177817,317269,36,672,8,1,mortgage,education,1
41,249872,914862,17,536,2,0,rent,business,1
46,321556,560497,6,674,6,1,mortgage,personal,1
58,258291,197255,34,656,6,1,rent,business,0
67,371094,591598,62,741,7,0,mortgage,auto,1
42,208604,456166,66,666,10,0,rent,medical,1
28,180140,1536214,42,705,9,1,rent,auto,1
18,544478,585537,71,658,7,0,mortgage,education,1
41,267309,385813,35,698,4,0,mortgage,personal,1
30,133662,926008,53,517,6,0,mortgage,personal,1
34,136688,50000,28,610,4,0,own,business,0
32,106878,528296,27,617,5,0,mortgage,personal,1
37,332388,1098329,24,601,16,0,mortgage,personal,1
49,176275,465140,6,656,7,0,rent,home_improvement,1
40,235283,50000,59,671,8,0,own,personal,0
36,212379,381225,24,651,3,0,own,education,1
28,307779,936355,22,606,10,0,own,business,1
21,118391,612821,15,561,9,0,mortgage,medical,1
33,90931,248343,32,708,9,0,own,personal,1
37,246916,294427,68,648,7,1,rent,education,1
56,292115,332090,74,539,10,1,rent,education,1
39,259904,608359,6,605,11,0,mortgage,auto,1
48,122866,901459,30,481,7,1,rent,medical,1
33,301298,815727,17,623,6,0,mortgage,home_improvement,1
26,130737,636804,54,604,10,0,rent,personal,1
28,157415,100507,41,574,2,0,rent,personal,0
31,106726,101620,25,747,3,1,mortgage,medical,0
59,376139,659976,37,528,6,0,rent,auto,1
30,296011,96359,27,677,0,0,mortgage,business,0
46,292599,432330,65,795,9,0,rent,personal,1
29,369665,591245,46,706,2,1,own,personal,1
47,557518,158722,48,617,4,1,own,medical,0
42,20000,192721,6,529,5,0,mortgage,home_improvement,1
36,131395,471764,35,511,6,0,rent,personal,1
38,146059,651095,73,587,5,0,rent,business,1
31,117902,818456,60,565,6,0,own,auto,1
42,90690,682116,6,562,6,0,mortgage,personal,1
33,184042,522097,30,594,4,0,mortgage,education,1
26,74008,276142,14,612,3,1,mortgage,personal,1
25,260205,178728,67,659,10,0,own,medical,0
40,226204,346737,40,521,0,0,own,auto,1
54,277723,622981,22,565,5,0,mortgage,auto,1
40,280927,600987,37,607,4,1,mortgage,personal,1
37,292361,50000,6,604,8,0,mortgage,business,0
41,175191,264297,16,767,0,0,mortgage,home_improvement,1
51,474537,861352,37,639,4,0,mortgage,auto,1
40,248132,523765,51,491,6,0,rent,auto,1
34,20000,74897,6,653,10,0,rent,home_improvement,0
49,99715,1206746,29,664,7,1,mortgage,personal,1
42,20000,491317,54,610,1,0,own,business,1
53,222080,615300,10,523,4,0,rent,education,1
40,205383,619857,40,761,10,0,own,home_improvement,1
26,163789,389721,37,534,1,0,own,auto,1
24,461311,281728,67,673,6,0,mortgage,auto,0
55,285878,1136502,32,636,6,1,mortgage,auto,1
55,307132,800962,33,668,4,0,rent,personal,1
36,108271,746581,51,757,17,0,own,personal,1
34,100103,672887,12,665,4,0,rent,home_improvement,1
53,224417,199005,32,575,8,0,mortgage,personal,0
27,240761,883259,28,708,3,0,rent,personal,1
29,20000,247060,33,570,8,0,own,personal,1
44,198363,584986,51,633,9,0,own,auto,1
34,221689,50000,46,517,4,0,own,education,0
38,194182,50000,23,537,6,0,own,personal,0
36,122393,595487,38,624,2,0,mortgage,business,1
41,155256,257270,63,649,1,0,own,business,1
52,198777,50000,21,484,10,1,rent,personal,0
39,230896,662183,39,660,4,0,rent,business,1
44,292575,1136024,33,554,0,1,own,auto,1
18,349703,916868,35,722,13,0,rent,auto,1
38,184678,422805,7,592,3,0,mortgage,home_improvement,1
30,165261,502654,61,530,5,0,rent,home_improvement,1
26,272519,766312,22,626,13,0,mortgage,auto,1
29,293301,836638,54,547,5,0,rent,auto,1
35,167896,396939,25,722,5,1,mortgage,auto,1
47,314847,510253,25,620,1,0,rent,education,1
25,337550,590184,58,608,0,0,own,medical,1
38,375002,666163,54,667,5,0,rent,personal,1
33,433399,460077,40,540,7,0,own,home_improvement,1
35,116030,463974,50,517,7,0,rent,medical,1
48,221668,913950,31,653,4,0,mortgage,personal,1
43,221353,862856,36,532,6,0,own,business,1
51,208231,643223,24,532,0,1,mortgage,medical,1
36,142088,1015733,52,687,8,0,mortgage,auto,1
31,41733,384066,24,662,7,0,own,education,1
36,231122,986892,63,520,14,0,mortgage,business,1
40,127797,662755,30,570,6,0,rent,home_improvement,1
40,230319,1481308,36,548,2,0,own,auto,1
27,124715,142255,50,762,6,0,rent,medical,0
39,88041,293196,36,692,5,1,mortgage,business,1
40,248116,625639,31,586,8,0,rent,home_improvement,1
63,238111,619170,35,666,6,0,rent,personal,1
57,289514,1085042,52,512,1,0,own,education,1
29,482304,299488,24,566,0,0,own,business,0
35,253275,771476,34,628,7,1,rent,personal,1
23,278210,848739,36,656,12,0,own,auto,1
32,90693,711394,52,612,6,1,mortgage,education,1
41,65571,211701,34,640,9,0,rent,education,1
50,409940,922328,69,626,10,0,rent,medical,1
31,109182,868797,33,607,7,0,mortgage,personal,1
31,94727,679875,32,596,3,0,mortgage,business,1
18,215308,561304,33,586,7,1,rent,auto,1
36,209177,567832,12,639,11,0,own,business,1
27,111699,476379,17,653,8,0,rent,auto,1
33,183403,692236,26,636,9,0,mortgage,personal,1
29,367525,509340,56,526,4,0,rent,home_improvement,1
37,123281,245443,35,540,5,1,rent,business,1
20,52759,185423,27,652,6,0,rent,auto,1
23,333111,274389,58,738,6,0,own,personal,1
59,279076,566640,64,632,11,0,rent,education,1
25,145538,491913,59,587,0,0,mortgage,home_improvement,1
27,30140,564603,21,638,6,1,own,auto,1
56,130645,650244,27,529,6,1,own,home_improvement,1
67,213435,311804,69,725,1,0,mortgage,auto,1
26,359881,939698,40,635,9,0,rent,medical,1
34,95610,419687,31,566,3,1,rent,auto,1
41,209858,369972,49,607,5,0,rent,personal,1
55,301017,644716,54,578,13,0,mortgage,home_improvement,1
28,20000,50000,26,725,10,0,rent,personal,0
36,344054,262840,40,604,8,0,mortgage,home_improvement,1
46,78106,794322,53,632,8,2,own,personal,1
42,259839,50000,15,666,5,0,own,personal,0
34,249602,835272,36,561,14,1,own,home_improvement,1
37,350150,953341,16,635,9,1,rent,medical,1
24,286111,389163,18,642,3,1,rent,personal,1
36,20000,587544,26,496,0,0,mortgage,education,1
35,125826,835726,45,640,8,0,rent,personal,1
40,236585,359963,30,616,6,0,own,business,1
32,196602,760333,24,630,0,0,mortgage,personal,1
43,277313,298655,37,623,8,1,rent,education,1
48,314724,356719,15,641,5,0,rent,personal,1
40,293014,260199,44,727,8,0,rent,medical,1
42,194287,602794,56,526,8,1,rent,home_improvement,1
39,20000,847391,35,593,4,1,mortgage,business,1
38,165342,444766,32,673,9,0,mortgage,auto,1
31,269964,118625,43,658,4,1,rent,personal,0
41,89146,175188,6,657,4,0,mortgage,personal,1
37,295753,618380,46,840,4,0,rent,business,1
59,329007,1053235,92,669,11,0,mortgage,personal,1
54,235224,618117,34,710,5,0,mortgage,education,1
42,20000,383931,34,595,11,0,rent,auto,1
30,66629,729855,49,541,13,0,own,home_improvement,1
27,446343,428150,66,595,3,1,mortgage,education,1
50,154415,386514,54,677,0,0,rent,education,1
41,20000,212462,6,653,10,0,rent,home_improvement,1
43,368230,922535,46,652,5,0,own,home_improvement,1
21,221603,50000,82,603,3,1,rent,education,0
47,352593,739358,47,590,4,0,rent,business,1
43,253235,360877,15,606,4,0,rent,education,1
27,275027,376898,41,678,11,0,mortgage,auto,1
33,263561,1007695,13,687,7,0,rent,personal,1
41,303699,285761,58,540,11,0,own,medical,1
39,493292,295979,19,681,8,0,rent,medical,0
35,336521,460882,37,568,5,1,rent,personal,1
37,30359,624154,21,658,4,0,own,personal,1
35,273599,367443,26,605,8,0,rent,medical,1
40,356978,50000,63,745,9,0,own,personal,0
53,364324,240291,38,587,10,0,rent,medical,0
18,168807,884400,26,634,5,1,own,medical,1
36,359793,522433,15,669,7,0,rent,auto,1
40,331329,635326,6,550,8,0,mortgage,personal,1
41,528702,421574,13,614,4,0,rent,auto,1
34,130000,302151,38,599,1,0,mortgage,auto,1
20,159112,1003271,54,579,3,0,rent,education,1
41,183266,443542,26,585,5,1,rent,medical,1
55,161173,366989,64,709,9,1,own,business,1
23,113198,828843,23,572,11,0,rent,personal,1
47,20000,283292,32,665,1,0,own,medical,1
35,167836,321582,17,645,4,0,mortgage,auto,1
37,264323,503074,54,508,5,0,mortgage,business,1
27,160813,500081,74,662,9,0,own,personal,1
35,452246,577883,6,507,4,0,mortgage,education,1
51,221605,1127501,30,670,4,0,own,education,1
44,374923,600874,59,579,0,1,rent,auto,1
55,251370,50000,10,621,8,1,mortgage,home_improvement,0
50,319169,597890,46,516,5,0,rent,personal,1
42,253509,511364,58,630,3,0,rent,personal,1
55,384254,513035,37,694,5,0,rent,medical,1
42,226713,573784,46,555,11,0,rent,education,1
46,279534,491397,68,571,2,0,rent,personal,1
35,263960,484216,71,656,3,0,rent,auto,1
39,185406,683913,35,658,11,0,own,personal,1
31,268598,337376,26,425,6,1,mortgage,business,1
48,488126,215694,19,781,9,0,mortgage,education,0
26,187552,1407134,54,662,8,0,rent,personal,1
46,270336,285243,11,676,6,0,rent,auto,1
36,370933,530043,31,609,5,0,own,home_improvement,1
50,356830,51302,38,472,9,1,rent,home_improvement,0
46,221406,534941,27,674,11,0,rent,personal,1
56,20000,220032,41,575,10,0,own,medical,1
45,282004,367258,82,664,1,0,mortgage,personal,1
22,20000,813519,34,602,11,0,rent,personal,1
37,396392,641603,28,639,5,1,own,business,1
26,240337,670523,54,558,3,0,own,home_improvement,1
33,339961,50000,40,689,5,1,mortgage,personal,0
53,111747,1051069,62,525,9,1,rent,business,1
44,33699,142436,39,800,8,0,mortgage,medical,0
31,251291,958568,32,799,5,0,mortgage,business,1
28,215968,806463,6,751,9,0,rent,business,1
38,161015,673200,7,722,7,0,own,education,1
26,230159,243505,6,613,4,0,own,home_improvement,1
31,552092,545477,43,713,3,0,rent,personal,1
41,320143,358724,11,612,8,1,own,education,1
50,345940,508712,59,496,6,0,rent,auto,1
44,321272,425038,37,740,0,0,mortgage,business,1
18,397535,50000,32,710,9,0,rent,personal,0
41,197191,836535,21,617,4,0,own,auto,1
39,20000,475668,47,522,12,0,rent,business,1
42,197370,354560,22,573,0,0,own,auto,1
54,317408,331902,18,474,5,0,own,personal,1
18,103624,607538,57,696,3,0,own,personal,1
32,198836,231873,42,492,2,0,own,medical,1
44,136988,50000,32,643,4,0,rent,auto,0
22,400244,622139,48,553,13,0,rent,auto,1
53,309935,655731,36,506,7,0,mortgage,education,1
42,298185,440110,43,639,3,0,rent,home_improvement,1
46,294592,155629,21,593,0,0,mortgage,business,0
32,215530,526681,73,687,0,0,own,personal,1
46,243707,60640,26,519,4,0,mortgage,home_improvement,0
49,77778,191831,64,559,3,1,rent,business,1
40,20000,274791,33,429,5,0,own,medical,1
40,238010,753182,51,445,0,1,rent,education,1
41,258879,391217,49,764,6,0,mortgage,personal,1
29,365112,365640,57,787,10,0,own,medical,1
37,408560,1086408,21,627,12,1,own,education,1
36,408400,605739,55,554,0,0,mortgage,auto,1
42,100237,601698,69,596,3,1,rent,personal,1
48,177728,389090,31,690,3,1,own,personal,1
27,277640,321088,37,579,7,1,mortgage,education,1
37,523829,50000,27,639,1,0,rent,personal,0
53,397612,790622,30,619,13,1,mortgage,medical,1
31,354328,634493,67,574,6,0,mortgage,business,1
30,173465,446250,18,578,6,0,mortgage,auto,1
40,114016,458832,19,643,12,1,mortgage,personal,1
46,314669,720843,65,542,6,1,rent,personal,1
38,87921,50000,47,656,8,0,own,auto,0
51,191388,323036,74,582,3,0,rent,business,1
47,206227,159109,28,630,1,1,mortgage,education,0
46,411149,1031453,38,731,4,0,rent,business,1
44,177436,762697,24,607,15,0,mortgage,home_improvement,1
61,20000,50000,39,694,9,2,rent,personal,0
36,280533,50000,6,477,7,0,rent,medical,0
18,136117,460296,48,582,2,0,rent,auto,1
54,225116,358268,42,622,10,0,mortgage,auto,1
33,209595,102685,35,774,1,1,rent,auto,0
39,187156,1083429,29,463,0,0,rent,auto,1
51,314841,593762,20,612,4,0,rent,medical,1
22,36056,642445,49,737,14,0,rent,education,1
25,157958,292396,15,557,14,0,mortgage,auto,1
22,302085,716682,45,603,4,0,own,personal,1
30,146310,385870,73,647,3,0,rent,education,1
42,26943,414997,63,635,0,0,rent,medical,1
43,300227,683301,9,745,6,0,rent,education,1
41,354771,50000,26,656,7,0,rent,personal,0
24,214601,979108,44,726,9,0,rent,auto,1
18,20000,554717,35,591,10,0,rent,business,1
39,304716,884283,11,561,5,0,rent,medical,1
33,20813,177374,43,602,8,0,rent,personal,1
43,257056,223050,36,527,3,0,mortgage,auto,1
45,113504,151430,70,659,8,0,rent,auto,0
39,80819,575089,31,589,4,0,own,medical,1
46,166971,519795,57,566,8,0,own,personal,1
40,198004,360676,13,660,8,1,mortgage,education,1
43,142695,195779,17,529,6,0,rent,home_improvement,1
31,290644,120021,49,682,9,0,mortgage,auto,0
36,166472,485455,56,582,0,0,mortgage,auto,1
40,337623,360324,19,713,2,0,mortgage,personal,1
46,253741,294318,36,589,5,0,mortgage,personal,1
34,136293,964127,11,671,0,0,rent,home_improvement,1
43,116087,475302,33,634,4,1,mortgage,home_improvement,1
35,22300,881013,51,680,5,0,mortgage,personal,1
37,254888,340024,28,629,11,0,rent,home_improvement,1
46,177449,573433,32,487,7,0,rent,personal,1
18,20000,483357,16,701,10,0,mortgage,education,1
25,155714,50000,24,613,7,0,rent,medical,0
23,111876,928501,68,683,4,0,mortgage,auto,1
18,409081,459454,37,675,7,0,rent,education,1
31,20000,723925,18,558,9,1,mortgage,education,1
45,47038,274391,30,547,11,0,rent,personal,1
35,353196,450547,7,672,5,0,mortgage,home_improvement,1
40,382812,239944,18,596,0,1,own,personal,0
49,130602,870800,60,695,0,0,mortgage,personal,1
51,144150,593423,33,606,5,0,rent,home_improvement,1
37,293948,610116,70,702,0,0,rent,auto,1
52,20000,907455,34,654,13,0,rent,auto,1
39,20000,846902,35,643,8,3,rent,personal,1
30,186312,729603,48,590,3,0,mortgage,personal,1
32,405987,73482,6,639,2,0,rent,personal,0
23,167712,291296,40,715,10,0,rent,auto,1
29,232112,198834,35,616,2,0,mortgage,education,0
34,356055,718260,63,662,2,0,rent,auto,1
46,472826,551196,53,624,3,0,rent,business,1
55,150778,82846,16,630,6,2,own,home_improvement,0
24,217980,443377,58,758,8,0,rent,auto,1
42,438647,51766,31,716,11,0,mortgage,home_improvement,0
28,37336,484053,20,626,10,0,own,business,1
43,343310,50000,40,637,6,0,rent,home_improvement,0
37,97802,658648,32,564,10,0,own,medical,1
20,232297,613389,64,606,3,0,mortgage,personal,1
47,190886,1072385,42,645,0,1,rent,personal,1
32,105039,754362,40,688,3,0,mortgage,home_improvement,1
33,102028,373126,52,680,3,1,rent,education,1
27,253170,745421,56,531,3,0,own,home_improvement,1
31,339465,80701,50,698,2,0,mortgage,medical,0
42,204432,211258,62,613,4,0,rent,personal,1
36,228414,599943,47,541,8,0,own,auto,1
41,288541,50000,39,727,13,0,rent,home_improvement,0
42,103406,488852,58,737,0,0,mortgage,personal,1
51,308763,193921,34,641,1,1,own,medical,0
35,318321,530392,37,677,3,0,rent,home_improvement,1
23,532435,176679,67,681,9,1,rent,personal,0
49,174867,627274,65,732,5,0,mortgage,personal,1
35,165030,505798,36,678,3,1,rent,education,1
49,312276,920110,28,514,9,0,rent,business,1
42,318293,502020,62,781,10,0,rent,education,1
37,155790,269407,50,705,6,0,own,personal,1
41,171620,425934,42,579,3,1,rent,personal,1
58,284936,96729,30,538,7,0,mortgage,auto,0
59,120690,621841,42,660,5,0,own,auto,1
39,170736,676955,36,598,5,1,rent,personal,1
40,230751,1240759,24,646,4,0,own,business,1
49,339513,313449,38,679,10,1,rent,personal,1
30,147448,419662,41,575,7,0,rent,business,1
41,20000,327272,29,531,10,0,own,home_improvement,1
38,20000,563634,52,651,11,1,rent,education,1
41,68870,614507,59,577,8,0,mortgage,education,1
30,62420,483988,53,632,4,1,own,personal,1
22,201447,825898,31,513,10,0,rent,education,1
18,77334,314906,50,600,8,0,mortgage,auto,1
27,135669,795852,37,677,16,1,own,personal,1
33,127110,661549,14,668,7,0,rent,education,1
35,167139,496391,48,557,9,0,own,personal,1
57,378701,405519,39,527,7,0,mortgage,personal,1
49,299434,1228000,83,621,6,1,rent,medical,1
28,221936,254897,62,665,5,0,rent,auto,1
41,164677,589380,49,652,7,1,own,personal,1
34,168012,274934,40,579,8,0,rent,personal,1
35,259330,1035686,39,644,11,1,rent,personal,1
40,290100,766048,18,740,7,0,own,education,1
44,111086,296495,6,636,4,0,mortgage,education,1
35,224378,653778,20,489,5,0,mortgage,personal,1
49,20000,577309,35,636,1,0,rent,education,1
27,245406,345013,6,784,13,0,rent,home_improvement,1
38,311458,727449,26,517,4,2,rent,education,1
64,186392,616792,32,622,10,0,rent,education,1
40,437983,564710,32,602,7,0,own,education,1
52,114251,487424,24,628,7,1,rent,business,1
39,246093,629316,30,636,6,0,mortgage,home_improvement,1
44,215701,568816,67,711,3,1,own,personal,1
37,207964,517728,48,627,2,0,own,personal,1
36,206281,307695,26,722,13,0,mortgage,personal,1
30,232853,1008130,35,611,6,0,own,business,1
42,321755,184874,35,592,11,0,mortgage,personal,0
29,385328,628291,22,566,12,0,mortgage,home_improvement,1
45,219730,403928,22,475,4,1,own,personal,1
49,317838,1027864,54,642,8,0,rent,education,1
42,135788,228955,28,784,6,0,rent,personal,1
35,311915,279421,16,657,1,2,mortgage,auto,1
43,128561,209055,35,675,5,1,rent,auto,1
35,350879,597040,38,587,8,0,mortgage,medical,1
47,485277,88085,6,600,4,0,rent,auto,0
20,205350,356441,35,699,5,0,mortgage,auto,1
35,20000,50000,52,781,5,0,rent,medical,0
18,154231,572126,44,739,14,0,mortgage,home_improvement,1
23,367825,349936,76,684,0,0,rent,business,1
52,286369,53583,59,623,8,1,rent,medical,0
47,249870,825683,62,637,5,1,mortgage,auto,1
31,341040,107700,86,560,3,1,rent,home_improvement,0
23,278134,739083,50,504,5,0,rent,auto,1
18,366127,289688,39,530,9,0,mortgage,home_improvement,1
33,330331,980471,54,624,9,1,mortgage,business,1
62,402604,724865,26,597,7,0,rent,personal,1
42,263056,197586,38,502,10,1,own,personal,0
32,328631,224875,24,617,11,0,rent,medical,0
43,183145,681658,43,595,9,0,rent,medical,1
22,147825,421287,24,526,4,0,own,education,1
35,424812,449197,24,590,8,0,rent,home_improvement,1
39,245945,881672,43,594,8,0,own,education,1
37,316586,275393,34,571,3,0,rent,auto,1
46,234849,527388,6,694,0,0,mortgage,education,1
41,149618,786388,10,468,0,1,own,personal,1
45,221318,742735,15,461,6,0,rent,education,1
31,392319,452116,20,620,7,0,mortgage,home_improvement,1
47,286629,413328,43,628,1,0,mortgage,personal,1
54,20000,50000,40,652,10,1,rent,business,0
28,194171,183127,55,577,7,0,mortgage,business,0
29,433875,595508,50,547,11,0,rent,personal,1
51,194344,458635,55,619,7,0,rent,business,1
36,20000,522478,47,585,2,1,rent,business,1
52,447166,811776,40,744,8,0,rent,auto,1
34,301887,143803,56,594,9,0,own,personal,0
53,211598,429146,53,616,4,0,own,auto,1
39,175430,556613,43,818,0,0,mortgage,education,1
41,349882,288752,59,604,6,1,rent,personal,1
54,154962,929443,6,664,2,0,rent,auto,1
34,357791,772576,31,672,10,0,rent,home_improvement,1
29,285063,587040,30,679,4,0,rent,medical,1
34,249362,1038270,57,643,13,1,mortgage,medical,1
43,237462,50331,64,636,0,0,mortgage,home_improvement,0
22,199004,497682,10,628,7,0,mortgage,personal,1
44,345477,609901,61,574,12,2,mortgage,personal,1
33,116159,225633,15,646,2,0,rent,medical,1
49,25369,590214,15,782,5,1,rent,auto,1
18,293733,168025,32,717,4,0,rent,personal,0
30,295749,707167,30,644,3,0,mortgage,business,1
21,277629,817350,8,688,7,0,rent,personal,1
30,268927,581700,48,550,1,0,rent,education,1
40,181535,50000,48,599,6,0,own,education,0
36,314498,209962,55,696,8,0,rent,education,0
35,214533,669413,28,739,5,0,own,auto,1
36,161546,506360,35,558,2,0,rent,personal,1
40,182573,50000,35,581,10,1,own,home_improvement,0
28,462477,872849,66,795,9,0,rent,home_improvement,1
45,20000,540997,6,628,2,0,mortgage,auto,1
45,279975,254278,19,766,1,0,mortgage,personal,1
42,20000,798487,36,637,2,0,rent,education,1
44,207012,296738,16,640,8,0,mortgage,auto,1
41,167965,293464,31,596,7,1,mortgage,personal,1
58,20000,607506,34,695,9,0,own,personal,1
37,266685,1034312,24,729,5,1,mortgage,personal,1
35,174395,987076,37,537,2,0,mortgage,auto,1
30,20000,607913,47,592,10,0,rent,auto,1
28,320748,638716,32,693,4,1,rent,business,1
26,392201,737450,28,610,7,0,rent,auto,1
29,398815,122905,33,581,0,0,own,auto,0
37,263075,693245,36,701,4,0,mortgage,personal,1
41,225527,279778,6,708,10,0,own,business,1
39,379379,595543,44,584,3,0,rent,personal,1
30,421886,431760,28,637,9,0,mortgage,personal,1
47,356028,650362,59,523,0,1,mortgage,education,1
45,107015,535431,47,548,4,1,rent,medical,1
36,244161,50000,57,630,5,1,mortgage,business,0
31,272742,553668,18,623,13,0,rent,auto,1
43,20000,692646,29,543,1,0,own,auto,1
40,276323,633779,14,563,9,1,own,auto,1
24,492759,469224,23,535,10,0,mortgage,education,1
37,296792,992649,59,656,3,0,rent,auto,1
41,396810,593412,63,463,5,0,rent,auto,1
29,241950,631302,15,539,7,0,own,personal,1
40,211214,813348,28,471,0,1,mortgage,home_improvement,1
23,265753,608778,35,654,4,0,rent,personal,1
51,122101,230595,47,476,11,0,rent,personal,1
50,104347,50000,6,623,8,1,mortgage,home_improvement,0
35,371957,356864,7,751,5,0,mortgage,medical,1
42,384681,728284,45,754,6,0,rent,education,1
18,101067,394071,6,476,8,0,rent,medical,1
26,336160,740354,28,644,9,0,own,personal,1
35,209565,544618,39,541,4,0,own,business,1
27,260777,886420,43,525,12,0,own,personal,1
45,275226,411435,33,611,11,1,mortgage,home_improvement,1
58,339322,640284,29,718,9,0,rent,personal,1
26,229926,651766,51,668,3,0,mortgage,education,1
30,389219,950481,41,563,2,0,rent,education,1
40,257130,50000,24,676,5,0,mortgage,personal,0
54,294902,362478,37,441,6,0,rent,auto,1
26,120008,754555,43,560,0,0,rent,business,1
40,479039,963769,67,554,8,0,rent,personal,1
56,276379,572021,50,626,11,0,rent,home_improvement,1
21,305560,412189,58,604,8,0,rent,auto,1
25,27018,727136,25,609,3,0,own,education,1
34,121276,760611,27,606,3,0,mortgage,education,1
33,368546,392101,32,622,7,0,own,auto,1
46,254427,599092,33,663,5,0,own,medical,1
40,20000,854158,18,632,8,0,rent,medical,1
20,344595,1067138,59,597,8,1,mortgage,education,1
43,154746,722781,52,652,10,0,rent,education,1
32,389358,513242,30,686,1,2,rent,education,1
51,209460,483777,48,576,7,0,rent,auto,1
32,244565,667219,40,615,5,0,rent,personal,1
32,361475,465298,49,713,6,2,own,personal,1
43,112301,556892,12,532,9,0,rent,education,1
46,100858,182637,33,764,10,1,rent,home_improvement,1
42,196420,889117,35,513,12,0,mortgage,personal,1
21,319261,157945,47,592,8,1,rent,education,0
43,60295,370366,25,544,6,0,own,personal,1
28,20000,529278,6,795,5,0,rent,education,1
40,318847,1097296,17,580,0,0,mortgage,medical,1
24,147643,373195,35,580,11,0,mortgage,medical,1
42,172933,300195,37,590,5,0,rent,medical,1
30,20000,334755,66,628,8,0,mortgage,business,1
25,138522,997669,46,594,9,0,rent,personal,1
45,219092,50000,37,609,1,0,rent,education,0
40,331645,199179,35,338,2,1,own,personal,0
32,127452,1319387,56,625,12,1,mortgage,home_improvement,1
53,418885,677265,25,621,7,0,rent,business,1
34,137853,168205,33,703,4,1,rent,personal,1
38,138029,487425,16,725,5,0,rent,personal,1
41,404483,520236,62,605,10,0,own,auto,1
32,245375,753838,43,685,10,0,mortgage,home_improvement,1
43,153757,1051851,23,532,0,0,rent,personal,1
33,201384,616566,34,681,13,0,mortgage,education,1
34,382369,338064,45,574,10,0,rent,auto,1
52,395944,736125,31,525,5,0,mortgage,medical,1
28,121985,290524,26,605,1,1,mortgage,medical,1
18,214908,189999,24,732,10,1,own,personal,1
54,230819,50000,42,634,8,1,rent,business,0
63,101651,50000,30,740,0,0,rent,personal,0
34,213318,231066,28,560,5,0,rent,business,1
19,220639,146663,12,704,19,0,own,personal,0
35,356825,593971,37,568,6,0,mortgage,education,1
35,364891,140179,33,638,3,0,rent,auto,0
36,180495,50000,30,637,2,0,rent,education,0
27,194326,186826,40,673,13,0,rent,personal,1
44,299715,358442,49,640,9,1,own,education,1
43,149777,318365,49,561,12,0,own,personal,1
23,290637,955857,46,690,7,0,rent,auto,1
45,209451,315937,32,759,11,0,mortgage,business,1
59,103672,764277,26,573,3,1,rent,auto,1
40,105180,494305,17,473,7,0,own,auto,1
35,393647,487309,25,660,7,0,rent,education,1
37,201229,249386,36,594,12,0,rent,auto,1
44,416842,482365,22,610,7,1,own,business,1
21,158364,270471,38,664,3,0,own,auto,1
40,254945,551007,19,583,6,0,rent,home_improvement,1
34,507121,429125,6,598,0,0,mortgage,business,1
56,93114,216612,51,612,0,0,own,auto,1
36,20000,797568,27,738,9,0,rent,auto,1
55,374391,628052,21,622,5,1,mortgage,medical,1
27,120783,365581,16,521,5,0,mortgage,medical,1
44,217515,543648,44,524,9,1,rent,personal,1
41,149690,474853,61,631,12,0,mortgage,personal,1
29,252180,239723,29,530,8,0,mortgage,personal,1
40,105936,521149,32,495,14,0,rent,business,1
50,198407,313696,55,671,8,0,own,medical,1
35,273978,216520,6,675,7,0,rent,personal,1
21,99003,50000,71,591,7,1,own,education,0
38,135990,392418,80,643,1,1,mortgage,business,1
29,178314,670091,6,635,10,0,rent,home_improvement,1
35,48542,291602,34,668,0,0,own,personal,1
37,169293,1256213,23,668,4,0,rent,auto,1
21,234256,765706,31,412,6,0,own,auto,1
22,172054,891299,28,601,3,2,mortgage,education,1
43,187435,738573,51,661,4,0,rent,personal,1
33,217612,1055859,34,587,13,0,own,personal,1
18,141311,263899,20,623,10,0,rent,business,1
46,302928,50000,33,680,3,0,mortgage,education,0
41,392317,366162,45,626,4,0,mortgage,personal,1
31,164274,667466,15,741,1,1,own,auto,1
25,278224,545455,6,710,9,0,rent,personal,1
46,191246,582642,72,611,5,0,own,auto,1
41,263858,896273,24,604,0,1,own,auto,1
62,407894,614617,34,392,6,0,own,personal,1
42,281039,739674,29,594,8,0,own,personal,1
42,20000,218131,46,512,10,1,mortgage,home_improvement,1
36,274479,171382,68,638,6,0,rent,home_improvement,0
46,367944,984234,46,632,5,0,rent,personal,1
44,193408,530270,9,676,14,1,mortgage,medical,1
51,339476,313031,11,732,6,0,rent,personal,1
33,137186,313582,29,618,9,1,mortgage,business,1
34,41735,305263,31,802,4,0,own,business,1
33,236940,287312,6,639,9,0,mortgage,education,1
46,20000,115056,51,515,0,0,own,education,1
53,191227,50000,16,575,4,1,mortgage,auto,0
33,374421,441499,63,590,1,0,mortgage,personal,1
34,20000,322122,69,667,4,1,own,auto,1
41,66460,832148,32,544,11,0,rent,personal,1
36,96156,587923,44,596,4,0,rent,medical,1
48,212402,579595,14,607,9,1,rent,auto,1
18,176114,277064,47,584,12,0,mortgage,personal,1
30,387896,463691,27,685,6,0,rent,education,1
30,334522,608300,16,671,10,1,mortgage,business,1
18,279433,714859,31,713,8,0,own,education,1
28,237476,471832,28,594,6,0,rent,education,1
29,267188,823737,30,716,9,0,mortgage,business,1
36,116562,502397,53,511,13,0,rent,personal,1
49,322865,737854,22,509,3,0,own,education,1
36,86555,353044,67,523,2,0,own,auto,1
28,320245,50000,12,621,2,1,rent,personal,0
37,362337,580508,65,716,10,1,rent,home_improvement,1
48,245304,717597,18,572,11,0,own,auto,1
28,198854,672604,36,582,4,0,rent,auto,1
29,268037,626656,27,603,0,0,mortgage,personal,1
44,20000,395424,30,666,3,0,own,home_improvement,1
36,256271,257976,50,582,8,0,rent,business,1
44,206398,665518,63,577,6,1,rent,personal,1
38,213925,627934,57,512,7,1,rent,education,1
45,304784,331730,29,574,4,0,mortgage,personal,1
28,211028,832827,39,714,10,0,own,medical,1
38,83175,235140,22,627,7,0,rent,auto,1
36,203032,324943,18,561,8,0,own,personal,1
26,228107,990928,15,719,7,0,own,education,1
22,233792,760575,28,573,8,0,own,home_improvement,1
45,239430,392597,40,734,8,1,rent,auto,1
34,344724,586214,6,732,2,1,rent,personal,1
28,89676,546438,35,624,7,0,rent,home_improvement,1
37,241084,50000,63,500,9,0,own,personal,0
49,374792,228058,56,803,11,0,own,auto,0
18,20000,484746,25,651,8,1,rent,education,1
23,241558,393017,11,594,2,0,rent,personal,1
29,149755,574131,44,696,3,0,own,personal,1
53,175515,838845,6,676,4,1,rent,personal,1
41,111423,403539,56,725,7,0,own,personal,1
46,199654,182704,32,567,6,0,rent,education,1
27,440951,597455,69,645,2,0,rent,business,1
27,68268,402013,6,525,1,0,own,personal,1
42,79647,453181,53,673,0,0,rent,medical,1
39,63768,412468,34,618,0,1,own,auto,1
43,427290,1172551,30,642,5,1,rent,personal,1
36,164519,50000,11,608,15,0,rent,education,0
41,216923,383500,47,600,13,0,own,personal,1
40,171666,498893,48,551,2,0,rent,education,1
46,106669,265657,68,683,7,1,own,auto,1
46,191782,769948,54,739,0,1,mortgage,medical,1
22,514989,743977,25,575,1,0,mortgage,home_improvement,1
18,387049,485674,18,664,1,0,rent,personal,1
48,117647,418798,11,655,5,0,rent,home_improvement,1
50,297709,466413,63,621,5,0,rent,personal,1
28,120217,468564,22,498,7,0,mortgage,personal,1
19,20000,476488,63,516,9,0,rent,personal,1
39,342341,443600,45,558,5,0,rent,business,1
47,359211,575735,42,449,6,0,mortgage,medical,1
56,345526,725964,30,733,2,0,rent,home_improvement,1
43,163616,130922,48,649,1,0,own,medical,0
34,199987,184801,36,618,0,0,own,auto,1
29,309972,50000,29,445,9,0,own,home_improvement,0
38,266980,759919,49,474,5,0,mortgage,home_improvement,1
35,172764,575097,33,620,0,0,rent,business,1
28,25711,651580,22,778,6,0,own,education,1
58,233665,71151,47,564,1,0,own,business,0
56,349481,1035484,35,689,13,1,rent,personal,1
49,76289,317345,45,582,4,0,mortgage,home_improvement,1
29,296651,550462,28,624,9,0,mortgage,home_improvement,1
47,259785,756315,14,717,10,0,mortgage,medical,1
44,310018,203906,67,592,2,0,mortgage,personal,0
42,324637,336103,64,565,6,0,rent,personal,1
50,136664,553752,52,733,8,0,rent,home_improvement,1
44,25965,1357242,29,624,6,1,rent,business,1
45,155978,590337,31,707,7,0,rent,medical,1
44,326695,981908,61,565,1,2,rent,home_improvement,1
41,154960,861702,30,733,8,1,rent,education,1
20,136715,610403,25,642,4,1,rent,home_improvement,1
39,20000,203241,70,655,7,0,mortgage,personal,1
32,430318,817926,35,631,10,0,rent,personal,1
25,319086,50567,68,580,9,0,own,education,0
55,312388,980263,11,620,7,0,mortgage,auto,1
55,336127,560002,45,585,9,0,own,auto,1
52,289205,50000,73,697,9,0,rent,business,0
41,190681,397848,37,604,12,0,own,personal,1
52,200348,696184,31,500,6,1,mortgage,medical,1
38,168692,428893,15,486,7,0,mortgage,personal,1
40,536169,714502,55,482,10,0,rent,business,1
27,286709,244993,22,669,4,0,rent,personal,1
42,164344,108205,34,528,1,0,own,medical,0
39,275860,478566,14,644,8,0,rent,education,1
25,98696,509470,64,631,5,0,mortgage,auto,1
37,400541,395485,57,615,1,0,own,personal,1
37,140672,868187,35,655,8,0,mortgage,personal,1
56,280130,244938,15,633,12,1,mortgage,auto,1
47,347917,593950,64,403,0,0,own,personal,1
38,266172,520391,29,594,10,1,mortgage,personal,1
40,231336,50000,16,654,0,0,own,medical,0
38,221296,104291,6,751,4,1,rent,personal,0
36,213227,503573,24,755,13,1,mortgage,personal,1
27,150796,1094360,10,511,5,0,own,auto,1
36,166062,673781,25,592,6,0,mortgage,auto,1
31,397551,50000,49,495,9,0,rent,education,0
25,206976,50000,29,742,0,1,rent,medical,0
43,125704,719916,42,701,6,1,mortgage,education,1
42,158044,471136,23,648,6,2,rent,auto,1
20,352044,842380,37,633,13,2,own,auto,1
37,301073,235785,71,730,1,0,own,personal,1
48,287240,605064,30,717,4,0,rent,medical,1
49,189097,753852,43,713,2,0,rent,auto,1
48,288803,365761,8,657,2,0,mortgage,business,1
38,142773,372174,63,592,11,0,rent,education,1
30,188846,507579,27,681,6,0,mortgage,education,1
27,336377,662803,55,685,4,0,mortgage,education,1
41,324913,495700,34,605,4,0,own,home_improvement,1
42,102171,792199,47,592,4,0,rent,auto,1
51,117337,361419,48,711,4,3,rent,auto,1
49,233044,101481,28,753,1,0,mortgage,home_improvement,0
37,427136,1093093,56,560,5,1,rent,education,1
26,20000,318610,22,599,5,0,rent,auto,1
35,253400,329467,50,648,3,0,mortgage,personal,1
40,54875,480259,29,659,7,0,rent,personal,1
36,143880,520154,42,578,7,0,rent,business,1
32,176269,383995,28,771,4,0,mortgage,personal,1
41,169539,494770,37,654,5,1,rent,personal,1
33,155944,488071,17,663,15,0,rent,personal,1
32,220865,552446,40,761,14,0,rent,home_improvement,1
41,155769,50000,37,584,2,0,mortgage,education,0
34,44505,1064263,26,613,2,1,mortgage,auto,1
40,313584,455814,35,520,2,0,mortgage,home_improvement,1
41,310345,674187,38,606,10,0,mortgage,auto,1
27,321181,86570,25,501,4,2,rent,business,0
33,35112,358700,34,680,7,0,own,medical,1
52,255870,298305,18,654,14,1,rent,auto,1
26,301117,940917,78,598,6,0,mortgage,business,1
18,96256,324256,55,612,9,0,mortgage,home_improvement,1
19,221101,727424,41,681,8,0,rent,personal,1
38,206048,304874,57,529,4,0,mortgage,personal,1
38,441058,364214,6,636,10,0,own,business,1
37,450940,426335,6,676,3,0,rent,auto,1
50,20277,885154,29,477,11,0,own,education,1
18,519271,50000,11,675,4,0,mortgage,personal,0
42,110173,105301,32,486,4,0,rent,business,0
54,337681,50000,40,611,2,1,rent,medical,0
27,336460,173749,53,527,2,0,mortgage,home_improvement,0
34,100517,256520,16,734,4,0,rent,auto,1
30,279192,50000,43,527,0,0,rent,home_improvement,0
29,207096,279756,36,488,5,0,mortgage,education,1
35,286520,50000,42,631,4,0,own,education,0
52,247681,194603,27,587,9,0,rent,medical,1
56,363561,860126,61,500,8,1,rent,auto,1
35,229048,621076,34,662,3,1,mortgage,education,1
57,199855,556240,68,461,4,0,own,personal,1
38,351528,199166,22,537,5,0,own,auto,0
56,289648,50000,49,574,12,1,mortgage,medical,0
37,307818,158253,35,684,3,0,rent,personal,0
39,140250,487037,30,724,3,1,mortgage,medical,1
42,94568,760453,47,708,1,0,mortgage,auto,1
70,151873,770710,31,608,0,0,mortgage,personal,1
47,145501,689184,6,426,7,0,rent,medical,1
31,314344,278733,6,651,7,0,rent,personal,1
48,337118,507365,59,738,11,0,own,home_improvement,1
34,201384,403597,58,719,10,0,mortgage,home_improvement,1
33,391710,439643,70,657,16,0,mortgage,auto,1
47,384216,1111138,36,525,6,1,rent,auto,1
38,249208,50000,13,578,5,0,own,personal,0
41,121373,429597,28,775,1,0,rent,business,1
38,409045,863525,36,507,9,0,own,personal,1
41,212678,60233,18,528,6,0,mortgage,home_improvement,0
42,235140,306876,66,695,9,0,mortgage,home_improvement,1
19,179247,341288,76,586,1,0,rent,personal,1
45,113225,433013,45,525,7,0,mortgage,medical,1
28,43763,50000,36,742,7,0,rent,auto,0
24,295944,678586,13,657,7,0,own,education,1
37,125992,699886,64,589,3,2,own,personal,1
39,587144,652513,37,528,11,1,own,medical,1
31,89671,238888,31,784,14,1,mortgage,personal,1
46,69114,525953,45,618,2,0,own,home_improvement,1
25,281217,230168,25,732,9,0,rent,auto,1
34,403518,400221,39,691,0,0,rent,education,1
32,227751,1146040,10,578,9,0,own,home_improvement,1
38,288669,528709,56,579,0,0,own,medical,1
41,20000,143742,34,736,4,0,own,education,1
28,138699,554101,57,737,1,1,rent,auto,1
45,91166,94461,32,470,5,2,rent,auto,0
39,20000,140297,34,664,9,1,mortgage,auto,1
19,234038,187663,14,610,0,0,own,home_improvement,1
18,20000,366707,50,537,5,1,own,personal,1
38,61336,781091,20,641,4,0,own,auto,1
36,155537,673519,27,512,12,0,rent,business,1
37,120246,656899,36,583,8,0,rent,auto,1
38,267569,170323,38,556,1,0,rent,home_improvement,0
40,256670,337606,6,580,4,0,mortgage,personal,1
47,327256,581600,32,614,12,0,rent,personal,1
27,310286,311504,50,539,9,0,rent,education,1
26,356898,416490,29,746,2,0,mortgage,education,1
27,219770,632408,32,659,5,0,rent,home_improvement,1
41,256416,395368,39,764,5,0,own,auto,1
50,281382,567818,34,607,4,0,rent,personal,1
34,236999,977819,17,576,0,0,rent,auto,1
18,172337,448442,35,761,3,0,rent,auto,1
21,180107,853801,54,574,12,1,mortgage,education,1
30,121893,667811,17,606,4,0,own,personal,1
32,270594,59827,29,678,6,0,mortgage,education,0
34,208718,169359,11,521,7,0,mortgage,home_improvement,1
38,140419,249921,53,677,15,0,rent,auto,1
35,140531,243550,34,667,6,1,own,medical,1
48,74752,472913,21,722,10,0,rent,personal,1
31,337461,684393,38,691,4,0,own,business,1
29,229434,876548,14,724,5,0,mortgage,personal,1
43,116464,592453,17,611,6,2,rent,education,1
23,317026,366296,10,551,3,0,mortgage,auto,1
42,152746,50000,17,789,5,0,own,personal,0
39,51220,521177,60,498,10,1,rent,auto,1
37,342547,507731,23,506,3,0,rent,personal,1
54,155548,554879,44,665,6,2,own,home_improvement,1
32,170932,1131872,21,750,9,0,own,personal,1
59,224942,872179,50,635,3,0,rent,home_improvement,1
36,357111,735518,18,700,10,1,own,auto,1
25,222404,211377,37,460,6,0,rent,personal,1
39,76106,346102,37,580,5,0,mortgage,auto,1
27,285265,471547,78,470,0,0,rent,personal,1
30,161801,267378,47,682,5,0,own,business,1
42,446551,650139,25,496,7,1,mortgage,personal,1
44,219866,607073,48,518,13,0,mortgage,business,1
32,20000,173508,74,661,8,1,mortgage,personal,1
48,262884,859045,7,705,11,0,mortgage,auto,1
50,453352,530693,21,607,1,1,rent,personal,1
52,409110,50000,32,666,5,1,rent,medical,0
43,439715,484597,28,663,11,0,own,education,1
52,97629,584362,30,603,2,0,rent,home_improvement,1
19,329458,791838,13,532,10,0,mortgage,auto,1
35,133361,398757,61,665,9,0,rent,personal,1
29,246915,748381,10,669,7,0,mortgage,business,1
39,67246,556143,32,692,5,0,mortgage,education,1
32,142665,105484,55,645,2,0,own,business,0
36,138850,75450,35,527,13,1,rent,auto,0
57,327827,836768,18,675,9,0,mortgage,medical,1
36,316086,858795,12,620,7,0,mortgage,personal,1
42,253218,596873,32,581,4,0,mortgage,home_improvement,1
36,57949,948712,22,596,6,0,mortgage,personal,1
39,182603,816983,40,565,7,0,rent,business,1
38,130466,705089,11,691,8,0,rent,personal,1
42,324361,226607,51,507,9,0,rent,business,0
50,361382,1019429,38,541,3,0,own,business,1
54,346766,660890,39,594,0,0,own,business,1
41,129374,384248,62,749,6,0,rent,auto,1
44,20000,299519,28,704,0,0,mortgage,auto,1
26,20000,577035,23,489,5,0,rent,business,1
37,390595,50000,26,728,4,0,mortgage,education,0
47,171849,709902,33,728,8,0,own,education,1
47,129913,213929,34,526,14,0,rent,personal,1
40,417119,611182,21,418,0,0,rent,auto,1
47,371819,343514,6,614,15,0,mortgage,auto,1
43,222934,420674,26,710,5,0,mortgage,medical,1
50,184792,272927,42,747,7,0,rent,personal,1
41,204148,451631,38,550,0,1,own,auto,1
34,247260,1066814,58,760,10,0,own,business,1
41,412006,915518,71,442,6,0,rent,education,1
18,270696,606344,50,591,6,0,own,home_improvement,1
42,307123,492412,61,587,0,0,rent,personal,1
18,360312,753260,50,712,6,0,mortgage,auto,1
21,79639,838991,67,724,9,1,mortgage,education,1
43,310583,251054,69,696,5,0,rent,auto,1
43,184652,476768,53,512,11,0,mortgage,medical,1
26,20000,50000,49,689,11,1,rent,personal,0
31,20000,836931,32,661,3,1,mortgage,education,1
52,97826,1119507,35,486,12,0,own,personal,1
33,283747,524025,30,455,6,0,rent,education,1
60,233656,50000,47,703,6,0,mortgage,business,0
38,242124,682667,23,606,6,0,rent,personal,1
42,454113,228773,33,517,6,0,mortgage,auto,0
54,67709,300995,6,603,0,0,mortgage,auto,1
39,216708,687973,67,649,5,0,own,medical,1
28,256532,576366,32,613,1,1,own,personal,1
37,131647,353567,44,496,13,0,own,auto,1
38,223399,305118,62,771,12,0,rent,business,1
24,28006,537751,41,700,9,0,rent,education,1
35,389189,377160,62,593,5,0,mortgage,medical,1
31,138206,167229,14,596,2,0,rent,auto,1
47,463768,400231,79,649,3,1,rent,home_improvement,1
38,216103,601878,56,530,14,1,rent,personal,1
35,343366,446569,40,646,3,0,mortgage,personal,1
37,213604,75947,62,514,0,1,mortgage,education,0
40,216311,796719,15,614,10,0,rent,auto,1
44,149916,50000,31,527,12,1,rent,education,0
28,234295,366090,62,531,13,0,mortgage,personal,1
28,258160,313940,6,752,10,0,rent,personal,1
49,125889,544454,46,625,11,0,mortgage,medical,1
34,204995,668499,46,637,6,0,mortgage,auto,1
24,146788,838029,71,459,0,1,mortgage,medical,1
42,495960,286279,8,572,6,0,rent,medical,0
43,209232,675975,65,657,8,0,mortgage,personal,1
23,405428,558746,26,636,5,0,mortgage,medical,1
40,196525,50000,28,448,5,0,rent,business,0
45,251115,1070162,14,637,2,0,mortgage,business,1
42,61436,68367,16,649,2,0,rent,personal,1
44,166351,625849,43,723,13,0,mortgage,education,1
24,245264,616988,16,568,13,1,own,home_improvement,1
41,410320,582691,49,441,6,0,rent,education,1
35,246638,351627,24,540,7,1,own,auto,1
33,386046,748176,14,532,2,0,rent,personal,1
47,296887,50000,26,679,9,1,rent,medical,0
53,415288,480251,42,403,13,0,mortgage,business,1
56,212915,330838,31,584,0,1,rent,home_improvement,1
51,506827,296811,37,734,8,1,mortgage,home_improvement,0
37,161752,628624,49,621,8,0,rent,auto,1
42,128025,823244,55,692,8,0,own,education,1
46,74794,397023,30,489,13,2,mortgage,personal,1
39,499723,734204,17,492,14,0,own,personal,1
39,318334,514922,37,735,5,0,mortgage,personal,1
46,179906,232180,44,628,9,0,mortgage,home_improvement,1
37,369883,422614,10,628,6,1,own,personal,1
31,302523,410154,20,531,3,2,mortgage,auto,1
34,455935,291002,23,628,7,0,rent,auto,0
44,34260,628545,32,528,9,2,rent,auto,1
38,188157,570394,22,715,7,0,rent,education,1
41,164497,50000,49,838,2,0,mortgage,personal,0
45,20000,50000,7,659,4,1,own,auto,0
34,347239,627405,8,569,4,0,own,auto,1
46,187552,255414,30,417,3,0,mortgage,business,1
42,308756,590612,33,485,7,0,rent,medical,1
26,503173,734279,10,744,8,0,mortgage,business,1
52,177611,118714,25,538,10,0,rent,auto,0
33,169462,76539,29,590,3,1,rent,personal,0
21,234240,1002330,29,672,4,0,own,auto,1
28,338470,605471,39,739,12,1,rent,home_improvement,1
28,151994,374228,24,604,5,0,own,personal,1
39,144285,219818,63,588,6,1,mortgage,personal,1
35,346863,346868,45,626,5,2,mortgage,home_improvement,1
35,265437,142828,21,570,11,0,rent,home_improvement,0
44,20000,765024,38,574,11,0,rent,personal,1
41,72953,266975,38,653,10,0,rent,business,1
41,400148,828060,58,635,6,0,own,auto,1
42,268231,379811,25,791,3,0,rent,auto,1
44,128536,186995,50,655,14,1,rent,auto,1
18,199551,372110,37,712,9,1,mortgage,home_improvement,1
34,221588,50000,63,534,4,0,mortgage,personal,0
18,308288,463769,59,662,12,0,mortgage,business,1
38,57008,448964,40,562,4,0,rent,personal,1
38,119086,747423,31,652,12,0,own,education,1
48,252755,50000,45,675,12,0,rent,medical,0
50,208020,848560,33,624,2,1,rent,medical,1
40,288623,746180,66,813,8,0,rent,home_improvement,1
33,72459,875613,37,734,9,1,mortgage,medical,1
43,262855,484184,29,714,16,0,own,medical,1
33,350990,804169,28,681,3,0,rent,personal,1
38,278418,58627,14,761,12,0,own,home_improvement,0
48,236693,713914,46,505,6,0,mortgage,auto,1
32,208494,268651,21,730,1,0,rent,auto,1
46,119818,50000,56,541,6,0,mortgage,education,0
45,211360,162758,13,575,6,0,rent,auto,1
28,371165,501659,38,665,2,0,rent,education,1
48,205717,252710,57,719,7,1,mortgage,auto,1
45,113224,612822,6,528,10,0,rent,personal,1
39,160930,50000,72,579,7,1,mortgage,home_improvement,0
30,244102,50000,28,628,4,0,rent,home_improvement,0
29,175178,911716,39,605,5,0,own,auto,1
33,278236,771140,46,688,6,1,own,home_improvement,1
43,282741,185211,49,850,7,0,mortgage,auto,0
28,326678,499100,41,654,10,1,mortgage,auto,1
42,390827,805852,54,561,7,0,own,home_improvement,1
26,339503,625760,45,516,0,0,rent,education,1
36,107891,544467,68,594,4,0,rent,business,1
39,111576,828546,45,545,7,2,own,auto,1
62,210907,280786,71,657,10,0,own,auto,1
24,165859,509354,52,656,11,0,rent,personal,1
53,83401,494645,6,583,13,0,mortgage,home_improvement,1
39,166997,418171,83,779,7,1,rent,personal,1
42,163058,383058,26,561,9,0,rent,auto,1
39,139378,521860,63,610,0,2,mortgage,personal,1
42,182105,510322,36,671,8,1,own,medical,1
36,361414,185472,55,691,2,0,mortgage,auto,0
53,243909,740539,24,722,6,0,rent,business,1
33,516617,207084,47,654,18,1,rent,education,0
49,240461,434530,31,704,7,0,own,personal,1
32,185192,411416,64,567,3,0,rent,personal,1
37,220496,607431,44,693,8,0,mortgage,personal,1
27,250779,50000,53,692,4,0,rent,medical,0
43,272230,767273,6,741,2,0,rent,business,1
52,469205,296903,34,487,14,1,rent,auto,0
37,118562,865989,43,547,10,1,rent,education,1
36,323086,356551,40,686,7,0,rent,personal,1
27,244930,485347,53,408,4,1,mortgage,home_improvement,1
36,31468,1074136,29,659,5,0,own,home_improvement,1
22,312484,416799,37,705,12,0,rent,medical,1
29,372115,871655,57,574,7,0,own,personal,1
40,117139,511714,6,586,0,0,rent,auto,1
51,218928,624626,47,534,16,1,rent,home_improvement,1
66,20000,520988,30,578,7,0,mortgage,personal,1
32,68943,754355,20,581,7,0,mortgage,medical,1
52,345764,294341,42,565,10,0,own,home_improvement,1
40,164030,204785,58,561,8,0,rent,business,1
36,86944,308427,55,598,9,1,rent,education,1
42,247535,529913,34,597,4,1,mortgage,education,1
39,157311,433754,52,770,1,0,own,home_improvement,1
39,163501,713082,52,588,7,1,own,auto,1
34,308719,891420,34,648,12,0,mortgage,home_improvement,1
24,80592,207248,24,574,3,2,rent,auto,1
23,111356,279815,25,573,3,0,mortgage,medical,1
45,238490,69128,51,484,11,0,own,home_improvement,0
35,336329,1109112,35,494,4,1,rent,education,1
32,368579,591401,17,523,4,0,rent,auto,1
38,140193,643941,6,635,5,0,own,personal,1
46,332485,97937,51,706,6,0,rent,business,0
40,125903,499649,26,477,0,0,own,education,1
31,439145,652774,42,576,4,0,mortgage,personal,1
50,83947,424173,58,511,7,0,own,business,1
54,379417,822712,12,599,7,0,own,home_improvement,1
43,141222,1193549,35,706,11,0,own,home_improvement,1
48,461590,215881,33,584,13,0,own,education,0
50,290958,193374,43,616,12,0,mortgage,home_improvement,0
49,98078,236673,58,736,10,0,rent,business,1
44,157331,981860,12,657,5,0,mortgage,personal,1
44,313742,812707,46,559,4,0,rent,home_improvement,1
43,346317,459342,55,633,6,0,rent,education,1
27,211514,510968,33,554,8,0,mortgage,home_improvement,1
45,225359,255037,34,654,9,0,rent,business,1
24,311002,767008,44,661,8,0,rent,medical,1
30,235816,386029,42,511,6,0,rent,auto,1
51,64779,421977,46,634,9,0,mortgage,personal,1
46,122443,682637,46,611,11,0,own,personal,1
53,248214,443602,18,664,10,0,rent,medical,1
35,365858,429510,54,687,6,0,own,business,1
26,413918,503173,57,658,3,0,rent,personal,1
36,313544,738607,39,596,3,1,mortgage,personal,1
39,254475,993948,9,695,3,0,rent,medical,1
39,309858,675646,34,550,7,0,own,auto,1
49,139990,740994,39,514,8,0,own,personal,1
34,201612,440044,15,364,0,1,own,personal,1
42,121104,287661,30,614,4,0,mortgage,education,1
28,70151,696196,11,554,7,1,rent,education,1
43,260026,551372,47,652,2,0,mortgage,business,1
38,242262,73211,39,462,8,0,rent,auto,0
31,302518,401579,6,568,5,1,own,personal,1
36,285533,475131,42,658,3,0,rent,business,1
36,249117,346863,35,538,6,0,rent,home_improvement,1
35,286794,944521,45,653,8,0,rent,auto,1
56,214878,643952,29,575,3,0,rent,business,1
37,269547,911952,22,617,5,0,mortgage,business,1
36,132863,579028,22,668,8,0,mortgage,home_improvement,1
18,264365,524416,26,696,3,0,rent,auto,1
29,300210,219021,36,627,0,0,own,personal,1
35,139638,503579,39,555,0,0,mortgage,personal,1
31,226220,503916,33,583,4,1,rent,business,1
52,145168,89866,28,671,1,1,rent,business,0
36,156819,338142,30,538,5,0,mortgage,auto,1
51,85008,403015,81,606,13,0,rent,personal,1
39,371893,624044,22,589,0,1,own,personal,1
38,347882,638405,26,612,5,0,rent,education,1
37,284492,325604,95,539,15,0,rent,home_improvement,1
38,456664,640661,44,472,8,1,own,auto,1
55,197291,445376,11,662,5,1,mortgage,medical,1
18,583811,50000,51,697,5,0,mortgage,education,0
18,192696,354589,20,477,8,1,rent,home_improvement,1
33,250623,823697,52,650,13,0,mortgage,business,1
38,172267,50000,32,707,4,0,mortgage,personal,0
45,264679,533807,28,668,3,0,own,medical,1
43,320274,975578,65,587,0,0,mortgage,business,1
34,206330,271816,46,545,6,0,mortgage,home_improvement,1
48,433206,500645,54,626,0,2,mortgage,education,1
48,248698,108795,44,640,4,0,mortgage,personal,0
40,252458,988169,28,628,2,0,own,education,1
48,110920,475000,47,606,10,0,own,medical,1
41,270220,513988,58,533,4,0,mortgage,personal,1
32,203917,906290,38,654,8,1,mortgage,home_improvement,1
45,147011,698444,68,658,0,0,rent,personal,1
39,126823,237311,51,636,7,2,rent,home_improvement,1
38,540612,305817,40,629,1,0,rent,auto,0
53,188383,648479,41,754,4,0,mortgage,personal,1
18,45162,312764,38,570,15,0,rent,education,1
24,136213,50000,13,723,10,0,rent,education,0
26,213812,484028,34,561,5,0,own,business,1
34,285600,55936,40,709,19,0,rent,education,0
35,286576,984885,29,719,2,0,mortgage,personal,1
23,301194,553036,42,597,11,0,own,home_improvement,1
28,142617,228447,36,753,0,0,rent,education,1
29,260853,290410,50,658,5,0,rent,personal,1
63,114873,50000,48,550,1,0,mortgage,home_improvement,0
56,145643,170161,39,590,7,0,own,personal,1
34,109875,804897,11,711,6,1,own,personal,1
34,77393,1169536,68,694,5,0,rent,education,1
27,347705,717919,33,535,10,0,mortgage,education,1
19,302633,472387,35,609,4,1,mortgage,education,1
37,337200,370412,30,636,7,0,mortgage,home_improvement,1
28,224718,213051,27,579,9,1,rent,personal,1
37,313217,1117930,64,809,0,0,mortgage,home_improvement,1
22,20000,443375,61,639,3,0,mortgage,personal,1
30,323571,1134689,44,615,6,1,rent,personal,1
39,241254,918056,34,715,9,0,mortgage,personal,1
42,295253,50000,47,591,12,1,mortgage,personal,0
42,265603,300214,37,701,5,0,mortgage,auto,1
25,101553,299286,33,487,5,0,mortgage,business,1
47,40235,476046,42,584,3,0,rent,business,1
30,134554,481906,28,704,7,0,own,medical,1
44,287790,1398872,41,746,5,0,rent,personal,1
38,302811,176832,40,558,5,1,own,business,0
24,55847,568691,47,549,6,0,rent,auto,1
35,102268,684952,25,665,8,0,rent,medical,1
42,133212,499528,49,570,4,0,mortgage,medical,1
44,177123,533054,20,599,3,0,rent,personal,1
37,56554,186557,26,690,8,0,mortgage,education,1
53,49354,531946,26,576,0,0,rent,home_improvement,1
48,121380,653420,17,463,4,0,rent,personal,1
35,230350,598280,54,516,1,0,rent,medical,1
46,78329,671060,19,621,11,1,rent,home_improvement,1
57,206104,923782,23,471,4,0,own,auto,1
58,347026,781090,59,596,4,0,rent,auto,1
26,63786,521388,26,509,6,0,own,auto,1
29,195227,148472,33,751,4,0,own,business,1
53,342971,319998,18,793,4,0,rent,auto,1
27,169808,434111,51,535,6,0,rent,auto,1
25,151160,575704,51,641,4,1,rent,personal,1
33,359619,356500,49,543,4,0,rent,home_improvement,1
42,183256,219280,46,595,2,0,rent,home_improvement,1
37,352539,143540,37,764,1,0,mortgage,education,0
31,271476,50000,27,583,6,0,own,home_improvement,0
31,178859,429515,21,597,7,1,mortgage,medical,1
31,277563,59100,59,545,0,1,mortgage,home_improvement,0
29,258454,199842,50,712,9,2,own,personal,0
61,342506,381829,24,359,9,0,rent,personal,1
41,154199,99225,37,585,10,1,rent,home_improvement,0
47,224945,613926,31,616,7,0,own,auto,1
33,212618,722067,16,567,9,0,rent,auto,1
36,304498,335172,39,689,15,0,rent,medical,1
31,96978,368892,29,716,5,0,mortgage,education,1
18,342037,661229,19,507,2,0,rent,auto,1
24,275959,285801,9,787,0,0,rent,auto,1
20,61969,265180,8,506,13,0,mortgage,auto,1
18,364992,858950,29,723,13,0,rent,personal,1
26,488091,765256,34,632,2,1,rent,personal,1
51,340220,680465,20,580,3,1,rent,education,1
38,391238,777693,48,587,5,0,rent,business,1
51,230245,50000,35,617,11,0,mortgage,auto,0
42,20619,906151,46,637,1,0,own,auto,1
46,20000,617619,33,546,0,0,own,medical,1
29,250610,803234,22,601,15,0,rent,personal,1
43,148963,616149,38,558,7,0,rent,auto,1
45,110251,514677,13,523,8,0,own,personal,1
32,212470,417407,46,555,5,1,rent,medical,1
44,293870,610143,19,528,8,1,rent,personal,1
44,45669,406476,53,586,0,1,own,auto,1
33,166135,760363,30,655,3,0,mortgage,education,1
27,401184,50000,55,630,6,0,mortgage,business,0
26,90965,337527,16,778,0,0,mortgage,medical,1
39,324371,1113447,24,443,5,0,own,home_improvement,1
41,161832,312176,43,658,5,0,mortgage,medical,1
30,285495,428395,57,621,5,0,mortgage,auto,1
38,351679,235226,66,685,4,1,rent,personal,0
44,308954,600754,37,677,2,0,rent,personal,1
44,329099,279121,69,607,0,1,rent,personal,1
54,81809,444317,31,634,7,1,mortgage,personal,1
51,353639,754660,56,560,5,0,mortgage,auto,1
28,117677,290371,19,669,0,0,mortgage,medical,1
55,251145,736583,44,470,6,0,rent,medical,1
33,250990,746669,6,682,5,0,mortgage,auto,1
48,278215,816487,16,618,4,1,rent,education,1
39,260435,542162,44,581,0,1,rent,personal,1
34,118743,1472378,12,601,9,0,own,education,1
20,58016,816360,44,607,1,2,mortgage,education,1
36,324682,597463,52,724,6,0,mortgage,auto,1
22,242300,237223,27,850,3,0,rent,personal,1
48,357925,470882,19,718,4,0,rent,home_improvement,1
53,214632,927898,27,575,11,1,own,education,1
30,51380,1012860,19,670,8,0,rent,education,1
41,335936,943499,34,674,11,0,mortgage,personal,1
31,175556,735558,38,546,7,0,rent,personal,1
32,261040,123302,30,519,8,0,rent,auto,0
46,142305,646149,66,615,0,0,rent,home_improvement,1
38,417316,127579,23,685,5,0,mortgage,personal,0
55,114812,53759,61,491,5,2,mortgage,auto,0
33,179508,571748,17,562,11,0,rent,home_improvement,1
48,232894,656960,37,666,4,2,rent,auto,1
39,88938,771013,57,623,7,0,mortgage,auto,1
46,259662,649141,56,733,7,0,own,education,1
34,413429,659476,28,507,11,1,rent,auto,1
38,161145,204604,46,808,5,0,rent,home_improvement,1
37,267417,468507,44,497,9,0,mortgage,personal,1
30,20000,50000,26,458,0,0,mortgage,business,0
45,215328,50000,47,615,0,0,rent,personal,0
45,182435,722193,70,529,0,0,rent,business,1
44,121780,274063,44,617,9,0,rent,business,1
53,349774,761750,46,614,9,0,rent,business,1
52,180851,832504,48,604,10,0,rent,business,1
34,198703,314205,10,553,3,1,rent,medical,1
42,174737,677093,44,655,4,0,rent,personal,1
32,20000,301653,18,595,6,0,rent,personal,1
38,84162,50000,25,708,12,0,own,auto,0
32,335331,536993,75,606,13,0,own,auto,1
54,20000,358738,31,543,9,0,mortgage,auto,1
42,128042,367973,23,485,7,1,rent,medical,1
36,172034,1092603,57,606,11,1,mortgage,medical,1
50,429235,50000,19,518,5,0,mortgage,home_improvement,0
18,312232,614861,28,512,4,0,mortgage,auto,1
18,153140,201558,58,662,5,0,rent,business,1
46,376542,772478,37,478,2,1,rent,medical,1
39,131138,589529,8,733,5,0,own,home_improvement,1
41,341092,613803,46,633,2,0,rent,business,1
25,56935,216533,29,616,10,1,rent,auto,1
38,348791,270324,64,537,8,0,rent,personal,1
58,171264,778175,25,681,12,0,own,home_improvement,1
46,96579,1031239,55,620,0,0,mortgage,medical,1
40,193943,644092,68,565,14,0,rent,business,1
34,253281,230774,21,636,0,0,mortgage,business,1
34,160630,601682,33,485,1,1,mortgage,medical,1
18,286474,1228242,43,489,4,0,rent,medical,1
41,150041,530727,21,530,11,0,rent,home_improvement,1
46,294445,938552,41,648,7,1,rent,home_improvement,1
22,273067,277901,32,620,5,1,mortgage,auto,1
31,212689,487374,32,704,3,0,mortgage,personal,1
26,167034,685870,37,546,0,1,own,personal,1
28,238185,619198,37,666,11,0,own,auto,1
39,286030,270083,39,611,9,0,rent,business,1
18,467416,257145,25,545,11,0,mortgage,business,0
44,332730,796485,26,651,8,0,mortgage,auto,1
46,337119,857465,34,615,0,1,mortgage,auto,1
35,590621,953643,35,570,1,0,own,education,1
18,281915,1041179,28,623,8,1,rent,business,1
28,278157,540386,42,610,5,1,rent,education,1
50,304482,406640,6,608,4,2,rent,personal,1
18,98924,905297,23,587,2,0,own,auto,1
35,166732,713921,31,516,10,0,mortgage,education,1
26,159260,205263,21,626,8,0,mortgage,education,1
46,297714,189909,65,556,8,1,rent,business,0
31,199099,647579,36,538,3,1,rent,home_improvement,1
42,236587,446818,39,601,7,1,rent,personal,1
44,350495,492071,27,679,1,2,mortgage,personal,1
56,323578,821760,36,635,5,0,mortgage,auto,1
36,200593,727711,14,578,0,0,own,auto,1
42,139601,898962,33,574,0,1,own,auto,1
23,356233,50000,19,671,5,0,own,personal,0
50,312867,576019,31,428,16,0,rent,personal,1
30,27249,708407,6,684,0,0,rent,business,1
32,182422,50000,16,470,1,0,rent,personal,0
38,239862,303531,62,507,7,1,rent,business,1
22,313460,247854,51,579,13,3,own,auto,1
40,329212,506509,60,794,7,0,rent,auto,1
48,254069,988356,61,754,9,1,mortgage,personal,1
41,290230,1106777,48,677,5,1,own,personal,1
22,227696,255714,28,649,4,0,own,auto,1
37,139138,657967,17,471,6,2,mortgage,business,1
45,188648,667639,57,633,3,0,rent,home_improvement,1
19,222279,616288,37,576,9,0,own,personal,1
27,215838,619694,81,555,0,0,rent,personal,1
47,20000,591123,29,632,10,0,mortgage,personal,1
41,172302,1006271,72,582,6,0,own,business,1
42,226745,830740,33,690,5,0,rent,personal,1
57,186236,181954,60,465,0,0,rent,personal,0
43,190381,738716,67,626,2,0,mortgage,home_improvement,1
45,278559,767712,18,550,11,0,own,business,1
65,90525,594490,27,587,5,0,own,medical,1
36,24635,839427,17,644,7,0,rent,personal,1
30,178220,556422,14,531,2,0,own,auto,1
42,311694,560140,48,633,6,0,own,personal,1
42,422506,536372,32,603,1,0,rent,medical,1
33,313855,50000,37,567,6,0,own,business,0
28,43808,475880,46,582,7,1,own,personal,1
61,192116,299525,6,608,7,2,mortgage,home_improvement,1
41,250796,144066,59,559,2,1,rent,auto,0
31,241311,930205,30,621,5,2,rent,business,1
47,284717,651262,46,598,8,0,mortgage,personal,1
37,109954,491051,47,571,5,0,mortgage,auto,1
35,227793,330559,61,747,5,0,rent,personal,1
44,270439,588851,34,653,14,0,mortgage,medical,1
25,319081,797431,6,589,2,1,rent,personal,1
42,123314,251910,37,632,10,0,mortgage,auto,1
57,178581,498551,40,538,1,0,rent,business,1
43,20000,760420,17,585,9,0,rent,medical,1
34,145425,50000,39,594,9,0,mortgage,medical,0
33,157070,482729,30,520,4,0,rent,medical,1
34,97650,371213,12,651,1,0,mortgage,medical,1
35,239873,459851,48,580,0,0,own,medical,1
34,213287,349511,26,592,4,0,rent,auto,1
47,20000,541287,29,575,8,1,mortgage,personal,1
21,245861,1077088,28,850,2,0,own,auto,1
47,108601,402823,58,567,6,0,mortgage,personal,1
34,278283,587513,35,455,0,0,mortgage,auto,1
42,66178,1098424,37,492,5,0,rent,auto,1
27,223601,334995,28,681,1,0,rent,personal,1
51,186020,1044403,44,727,6,1,rent,business,1
50,256372,501597,60,565,4,1,own,medical,1
48,234964,1034569,48,722,1,0,rent,education,1
23,189380,725060,48,679,3,1,rent,home_improvement,1
46,35647,592133,47,605,2,1,mortgage,auto,1
42,42735,480311,11,599,1,0,rent,personal,1
22,149934,312788,20,634,10,2,mortgage,personal,1
38,219006,522737,32,690,5,0,own,education,1
42,147010,769208,23,652,0,0,rent,personal,1
44,295025,496067,17,566,4,2,rent,business,1
40,186493,405013,6,606,10,0,rent,auto,1
41,104198,424765,12,779,3,0,own,auto,1
53,186628,797743,31,640,12,0,rent,education,1
50,247103,867548,35,690,3,0,mortgage,auto,1
18,258986,299855,22,663,8,0,mortgage,medical,1
35,445405,299424,37,642,10,0,rent,medical,1
36,139731,613808,28,629,8,0,mortgage,business,1
20,211183,958260,56,692,1,0,mortgage,education,1
39,271135,843797,33,677,2,1,rent,auto,1
50,217189,124444,49,641,11,0,mortgage,auto,0
27,159926,420777,40,564,3,0,rent,medical,1
41,34089,220819,11,651,10,1,own,auto,1
29,158700,419746,34,615,4,0,rent,auto,1
31,91156,981323,14,595,7,1,mortgage,personal,1
53,20000,73220,34,834,0,0,mortgage,medical,0
33,124519,50000,23,497,4,0,mortgage,personal,0
43,94349,251434,43,697,2,0,mortgage,home_improvement,1
19,290054,586193,12,551,7,0,rent,personal,1
57,292131,686226,36,630,6,0,own,auto,1
44,111534,631235,46,825,8,0,rent,personal,1
36,188773,852706,52,543,4,0,rent,auto,1
44,20000,50000,22,562,2,0,rent,auto,0
24,160679,856501,36,619,7,0,mortgage,medical,1
50,267878,406371,39,552,2,0,own,personal,1
35,318993,719448,64,691,10,0,rent,personal,1
36,134434,102972,9,577,6,0,mortgage,personal,0
33,346223,501487,20,672,5,0,mortgage,auto,1
32,38117,570881,86,514,8,0,rent,home_improvement,1
45,70285,846725,31,475,6,0,own,auto,1
41,305159,50000,6,602,0,0,mortgage,business,0
45,420535,509226,26,495,2,0,own,auto,1
38,279212,174429,6,741,10,0,own,auto,0
43,215159,651649,40,498,6,0,own,business,1
34,20000,733165,51,537,0,0,rent,personal,1
60,20000,886151,20,653,7,0,own,business,1
22,235529,339491,28,573,4,1,rent,auto,1
51,177032,778168,53,499,3,0,rent,auto,1
52,87300,908270,6,783,1,0,rent,home_improvement,1
29,227864,50000,12,540,10,1,own,auto,0
60,233816,683703,32,604,0,1,rent,home_improvement,1
48,333330,787553,22,603,3,0,rent,home_improvement,1
48,236392,422382,31,677,6,0,rent,personal,1
38,367407,136768,13,657,12,3,mortgage,auto,0
36,220959,782887,40,554,8,1,rent,business,1
36,206160,140147,33,594,3,0,rent,personal,0
42,347717,446495,46,602,12,0,rent,medical,1
52,102587,487963,40,680,1,1,mortgage,personal,1
40,557734,714661,40,527,7,0,rent,personal,1
29,265031,312011,10,781,8,0,rent,education,1
46,265700,294625,45,559,2,0,mortgage,medical,1
47,283012,529675,30,619,9,0,mortgage,medical,1
45,445256,801917,33,527,4,1,own,education,1
45,315101,1186235,55,516,9,0,own,personal,1
35,27393,50000,23,550,0,0,mortgage,auto,1
29,388416,594603,60,542,7,0,mortgage,personal,1
29,179092,174039,62,587,4,0,mortgage,personal,1
22,232859,805643,50,542,11,0,mortgage,auto,1
40,66490,218437,18,676,6,0,mortgage,education,1
37,283144,297606,6,557,11,0,mortgage,personal,1
34,141835,323219,55,548,8,1,rent,personal,1
18,232020,477140,38,589,5,0,mortgage,medical,1
26,185908,596959,23,699,9,1,mortgage,personal,1
49,451002,645110,57,637,9,2,own,home_improvement,1
31,457871,498270,20,612,8,0,rent,auto,1
42,225582,101033,28,505,0,0,rent,personal,0
24,227677,718336,45,529,2,0,mortgage,home_improvement,1
52,175187,484112,16,518,12,0,own,education,1
37,352721,848520,34,725,1,1,rent,business,1
41,180530,287678,56,662,10,1,own,auto,1
61,169440,50000,40,551,9,0,rent,auto,0
53,337431,489792,58,575,3,0,own,medical,1
35,155404,888786,56,554,0,1,own,auto,1
32,215469,548283,36,549,4,1,own,education,1
35,30243,440099,6,657,14,1,rent,personal,1
43,304503,238896,16,597,3,1,rent,auto,1
37,452904,1027330,50,786,3,0,rent,personal,1
34,306547,191119,8,720,2,1,own,business,0
53,395416,282382,30,725,11,0,mortgage,auto,1
37,118468,671010,42,674,5,1,mortgage,home_improvement,1
61,248359,50000,62,586,3,1,mortgage,personal,0
39,106821,882377,26,668,12,1,rent,auto,1
56,192668,687258,24,592,8,0,rent,auto,1
42,312665,769769,35,750,2,1,mortgage,medical,1
48,232218,667435,42,652,1,0,own,business,1
31,50483,451663,33,641,11,0,rent,auto,1
29,62197,181055,55,630,6,0,own,auto,1
43,54260,457977,22,759,0,1,own,medical,1
48,278974,207429,38,505,0,1,rent,personal,0
38,467667,645847,44,767,2,0,rent,education,1
25,383495,742034,29,605,1,0,own,medical,1
24,20000,943043,51,508,0,0,rent,personal,1
24,390529,611530,39,560,2,0,rent,medical,1
20,332368,777373,50,488,2,0,mortgage,medical,1
39,34564,410857,39,672,4,0,mortgage,personal,1
49,183616,356517,43,537,13,1,rent,auto,1
38,351463,642102,25,633,5,0,rent,auto,1
18,286052,384058,25,711,5,0,own,business,1
36,62909,580756,58,566,8,1,rent,education,1
36,293289,181642,47,599,5,0,mortgage,auto,0
59,20000,235512,18,516,8,1,mortgage,auto,1
23,193261,690623,39,589,7,0,rent,personal,1
34,356555,766007,6,826,6,0,mortgage,personal,1
55,222207,204303,26,682,17,0,rent,personal,0
42,160127,701184,53,599,10,1,own,personal,1
44,326722,340179,34,571,2,1,mortgage,personal,1
39,336970,504952,38,617,7,2,rent,education,1
41,377205,925083,6,630,3,0,rent,education,1
46,324921,742246,29,586,8,0,mortgage,personal,1
30,349765,738762,42,662,0,1,own,education,1
47,307949,1072637,44,544,2,0,rent,personal,1
24,251863,288836,53,543,7,2,rent,auto,1
41,230741,204238,32,650,10,1,rent,home_improvement,1
40,191529,283363,33,527,8,1,own,education,1
32,74516,423650,12,678,9,0,rent,personal,1
38,105363,50000,32,619,7,0,rent,auto,0
32,186158,437772,13,474,7,1,rent,medical,1
27,248974,336629,6,629,4,0,own,personal,1
34,392898,735128,16,485,9,0,mortgage,home_improvement,1
27,214984,605726,63,675,10,0,own,auto,1
41,340417,319791,31,600,6,0,own,personal,1
26,349518,676988,40,768,6,1,mortgage,education,1
45,192226,716979,27,706,12,0,rent,medical,1
26,291363,269436,6,535,6,0,rent,auto,1
32,190777,352093,53,458,6,0,rent,home_improvement,1
32,378656,50000,6,560,8,0,rent,home_improvement,0
51,296301,172802,26,522,6,2,mortgage,personal,0
41,77142,277259,35,766,3,1,rent,personal,1
36,239383,522250,40,619,8,0,mortgage,auto,1
43,417773,216385,23,695,6,1,rent,education,0
18,198252,345964,6,597,13,1,own,education,1
38,273726,132401,22,606,9,1,rent,personal,0
58,285505,551334,23,617,4,0,rent,home_improvement,1
39,95605,627714,22,709,9,0,rent,auto,1
39,281285,620710,53,645,7,1,own,business,1
43,52740,503708,14,535,11,0,own,business,1
47,144925,50000,41,750,4,0,mortgage,personal,0
18,349087,314014,39,597,7,0,mortgage,personal,1
21,262811,377808,53,584,6,0,own,personal,1
40,183463,379011,34,394,6,1,mortgage,home_improvement,1
31,273575,522494,50,671,2,0,rent,auto,1
51,212789,927662,33,628,8,0,rent,business,1
35,221509,743629,44,628,8,0,rent,auto,1
19,298818,203745,9,588,11,0,own,auto,1
25,132716,703521,6,574,6,0,own,home_improvement,1
18,224840,692091,43,590,4,0,own,auto,1
36,182528,258180,44,657,9,0,mortgage,medical,1
36,29728,754660,45,671,3,0,rent,auto,1
34,109545,451887,27,602,10,0,mortgage,personal,1
49,408185,77014,63,696,10,0,own,personal,0
50,266167,636561,28,614,11,2,own,personal,1
36,61169,565089,44,580,8,0,rent,medical,1
18,35157,431697,47,636,4,0,rent,auto,1
44,206540,488764,67,511,6,1,rent,auto,1
44,407342,284274,30,639,8,0,mortgage,personal,0
41,197589,683039,24,497,4,0,own,education,1
48,376840,486965,9,538,11,0,rent,business,1
26,262232,549935,64,459,8,0,mortgage,education,1
58,276550,607143,44,606,2,0,own,home_improvement,1
28,59714,153624,44,749,14,1,mortgage,personal,0
45,332503,231715,92,611,6,0,own,personal,0
21,179808,50000,42,671,2,0,own,education,0
29,323571,669423,13,808,3,1,own,personal,1
53,122300,136337,32,652,12,2,own,medical,1
35,241246,539771,18,559,13,0,rent,business,1
46,262240,611296,29,570,10,0,rent,personal,1
40,201516,680706,29,620,11,0,mortgage,home_improvement,1
37,268545,138795,25,569,11,0,mortgage,personal,0
52,188032,480452,11,575,8,0,own,medical,1
36,142113,1001084,65,699,7,0,own,auto,1
20,412658,1014294,41,702,8,0,mortgage,medical,1
30,345874,796197,32,488,9,1,rent,personal,1
44,128696,601248,50,555,3,0,rent,home_improvement,1
42,288213,198468,44,583,9,0,rent,home_improvement,1
22,130879,715586,41,668,12,0,rent,education,1
31,77838,452594,48,711,5,0,rent,education,1
32,344057,668158,38,836,5,0,mortgage,education,1
34,20000,310147,48,583,8,0,rent,education,1
24,331223,448120,50,587,3,1,mortgage,education,1
32,189673,549244,39,667,1,0,mortgage,education,1
31,194614,573883,32,565,11,1,rent,business,1
46,269170,648117,64,609,4,1,mortgage,education,1
46,289744,326242,27,587,6,0,own,personal,1
37,120839,97015,43,410,4,0,mortgage,home_improvement,0
34,306127,987436,43,630,11,0,own,personal,1
39,233604,1246776,25,605,9,1,rent,personal,1
30,69273,634226,21,722,5,0,rent,home_improvement,1
27,199615,102802,30,620,1,0,mortgage,personal,0
29,385753,268041,27,520,5,1,rent,personal,1
32,421191,652735,10,599,8,0,mortgage,education,1
26,306082,902335,24,453,7,1,rent,business,1
40,77159,136133,41,523,6,0,own,personal,1
45,278873,462700,59,671,7,0,own,auto,1
22,322103,558780,46,600,9,0,rent,personal,1
38,307085,759374,6,694,6,1,rent,auto,1
36,314195,396920,48,463,8,1,rent,auto,1
41,263592,50000,26,601,2,0,mortgage,personal,0
38,211311,686359,44,582,16,0,mortgage,home_improvement,1
23,146996,837439,36,696,5,0,rent,education,1
25,20000,475223,33,674,7,0,own,business,1
38,260757,621572,34,671,8,0,rent,home_improvement,1
48,242326,357653,36,743,4,0,mortgage,home_improvement,1
18,286909,246268,60,591,6,1,mortgage,medical,1
41,59495,807928,36,727,6,0,mortgage,auto,1
50,297402,616249,56,536,2,0,mortgage,business,1
36,466545,647111,53,534,8,0,rent,education,1
44,229414,950635,48,680,0,0,rent,personal,1
31,212600,183547,6,500,13,1,mortgage,auto,1
37,257080,334392,56,666,9,0,rent,auto,1
22,463880,547380,28,628,9,0,rent,auto,1
18,97162,330706,49,706,0,0,rent,business,1
47,244385,734941,18,615,3,0,mortgage,auto,1
28,124041,443780,15,624,12,0,own,personal,1
33,154359,202240,72,661,23,0,mortgage,personal,1
24,214049,519732,19,567,11,0,rent,business,1
24,381679,551102,57,564,10,1,rent,auto,1
36,436119,780405,38,658,8,0,rent,auto,1
31,273777,617942,28,618,3,0,mortgage,business,1
42,174809,638344,35,587,10,0,rent,business,1
43,519129,596088,13,613,2,0,mortgage,education,1
41,168693,443533,36,748,1,0,own,education,1
40,151464,285134,17,585,1,0,mortgage,personal,1
54,20000,586652,29,582,10,0,mortgage,home_improvement,1
27,387531,400063,53,483,6,0,own,education,1
37,336189,1006947,41,617,6,3,mortgage,medical,1
49,510137,902655,9,673,6,1,rent,personal,1
51,53257,689852,51,687,1,0,mortgage,education,1
24,394980,613540,36,629,3,1,mortgage,auto,1
35,228416,473612,26,696,4,0,own,auto,1
52,316732,121663,49,678,0,1,rent,medical,0
43,22267,435148,33,709,4,0,mortgage,business,1
40,396170,530420,15,699,2,0,mortgage,auto,1
36,314382,568837,69,746,8,0,own,business,1
34,215331,640861,36,606,9,1,mortgage,personal,1
41,297414,776399,35,514,1,0,own,education,1
35,128141,292354,29,673,5,1,rent,personal,1
38,150467,295077,57,682,13,3,own,auto,1
39,164387,935257,27,746,2,0,rent,home_improvement,1
31,20000,731294,8,723,8,1,own,personal,1
43,323411,382769,24,776,6,0,own,home_improvement,1
67,362991,467837,60,670,10,0,rent,auto,1
20,135839,469186,51,638,7,0,rent,medical,1
41,261784,509472,31,509,4,0,mortgage,personal,1
30,188135,641805,61,645,6,1,mortgage,medical,1
44,259393,1260498,49,576,6,0,mortgage,home_improvement,1
38,144691,556927,31,637,6,0,rent,education,1
46,113989,698779,33,624,1,0,mortgage,auto,1
50,346249,50000,42,658,11,0,rent,business,0
40,212336,354530,21,612,10,0,rent,medical,1
49,462653,868645,36,695,2,0,mortgage,personal,1
18,225557,620695,42,402,5,0,rent,medical,1
54,108871,50000,6,635,5,0,mortgage,medical,0
42,367233,702207,33,716,1,0,rent,medical,1
49,295696,1075449,31,770,0,0,rent,auto,1
26,307225,50000,55,679,3,0,own,auto,0
30,362872,955816,6,755,5,0,rent,home_improvement,1
39,141664,50000,29,634,0,0,rent,education,0
38,204730,781400,27,620,7,1,rent,education,1
41,199426,497405,53,662,11,0,rent,home_improvement,1
49,65110,50000,35,620,9,0,mortgage,personal,0
20,188369,633841,68,557,5,0,rent,auto,1
48,380366,845252,48,579,0,0,own,medical,1
38,248481,609166,29,531,9,0,own,medical,1
36,58473,675448,40,662,7,0,own,home_improvement,1
23,33299,376497,30,621,8,0,own,medical,1
43,419773,50000,51,591,14,1,own,auto,0
18,209162,707559,12,575,3,2,mortgage,auto,1
44,142311,1024926,21,660,0,0,rent,personal,1
23,187121,838874,44,682,2,0,mortgage,home_improvement,1
39,42723,50000,58,530,8,0,rent,personal,0
37,390771,50000,6,517,6,0,own,education,0
50,172834,246210,61,696,1,0,own,auto,1
36,384088,50000,33,510,0,0,rent,personal,0
31,226198,513257,6,664,5,1,rent,auto,1
33,391544,618025,6,749,1,0,rent,education,1
51,250803,70924,8,750,8,1,rent,personal,0
43,322388,733139,36,679,4,0,own,home_improvement,1
34,306291,680331,35,677,3,0,rent,home_improvement,1
36,294795,335552,47,800,3,1,mortgage,personal,1
22,261752,448243,26,433,7,0,mortgage,business,1
42,192058,50000,16,583,6,1,rent,auto,0
20,449852,400321,29,688,7,0,rent,personal,1
46,111168,502215,37,593,7,0,rent,auto,1
39,220517,550624,40,719,6,0,mortgage,business,1
62,221786,613663,22,617,2,0,rent,medical,1
27,268293,573273,52,631,3,0,rent,personal,1
37,168463,420697,25,598,4,0,mortgage,medical,1
56,257770,585858,20,578,14,0,own,medical,1
50,199739,800610,26,576,1,1,rent,medical,1
31,30166,471351,55,642,4,0,mortgage,education,1
40,221146,595278,34,558,6,1,mortgage,business,1
38,87932,444149,23,696,5,0,own,medical,1
41,20000,305972,53,672,10,0,rent,personal,1
31,236425,656864,75,708,5,0,own,business,1
37,278546,333432,40,530,5,0,rent,auto,1
22,283204,615844,58,484,9,0,own,medical,1
39,288060,508477,55,620,13,0,rent,medical,1
43,20000,408820,25,850,12,0,own,auto,1
36,56678,401557,36,721,5,0,mortgage,personal,1
22,456823,347564,13,576,6,0,mortgage,medical,1
48,94335,50000,32,654,6,0,mortgage,business,0
42,293301,614869,25,678,7,0,rent,business,1
31,137567,569464,29,511,3,0,rent,education,1
35,229561,754901,23,730,10,0,own,personal,1
23,144009,340563,31,607,7,1,rent,auto,1
28,287385,1068615,46,613,6,0,rent,medical,1
33,236413,386079,34,622,1,0,mortgage,auto,1
50,166205,237467,6,712,6,1,rent,medical,1
32,93979,201895,23,560,0,0,rent,auto,1
44,252133,50000,9,483,4,0,own,personal,0
33,74474,959788,40,646,4,0,mortgage,education,1
40,271298,911320,45,457,7,0,own,education,1
37,535178,680224,41,596,14,0,rent,education,1
47,382020,231173,22,715,8,0,own,personal,0
33,306202,1043380,40,666,12,0,mortgage,business,1
22,209727,394484,28,703,9,0,rent,auto,1
24,20000,419292,16,670,11,1,own,business,1
33,61326,931178,49,813,13,0,mortgage,education,1
26,373935,697673,51,573,3,0,mortgage,auto,1
42,125229,1160331,53,652,3,0,rent,medical,1
33,136090,574617,25,585,9,1,mortgage,education,1
62,200122,380891,57,697,6,0,rent,education,1
21,92554,316459,27,615,7,0,rent,medical,1
40,72788,50000,48,758,5,0,rent,personal,0
27,213943,416421,27,578,4,0,own,home_improvement,1
33,113016,843378,32,733,12,1,rent,auto,1
39,131078,679650,6,667,2,1,mortgage,personal,1
18,126257,506092,31,617,9,0,mortgage,business,1
40,282683,201520,38,663,8,1,rent,personal,0
57,192145,568062,29,641,0,1,mortgage,home_improvement,1
33,198571,803844,68,648,3,0,mortgage,auto,1
41,291634,629216,15,603,3,0,rent,auto,1
48,202955,550021,26,564,8,0,mortgage,personal,1
36,186610,260913,20,593,5,1,mortgage,personal,1
32,276454,760155,26,485,6,0,mortgage,personal,1
18,300184,50000,55,687,0,1,own,personal,0
44,202351,614854,63,521,15,2,mortgage,auto,1
37,229673,1271097,23,603,6,0,mortgage,auto,1
28,126185,50000,23,672,8,1,rent,auto,0
39,116718,427589,15,687,4,0,rent,personal,1
32,312298,497627,60,478,3,1,own,personal,1
33,273393,361225,56,613,14,1,rent,personal,1
44,274636,810912,34,657,0,1,rent,personal,1
25,253703,641735,11,624,7,0,rent,auto,1
48,225544,545690,12,728,1,1,mortgage,personal,1
24,303569,739182,39,554,4,0,mortgage,auto,1
31,332213,505025,46,456,3,3,rent,home_improvement,1
57,329347,1453959,6,685,2,0,rent,personal,1
49,207907,545404,30,577,6,0,rent,personal,1
39,386439,558585,65,479,0,0,rent,medical,1
29,247415,50000,32,607,5,0,own,auto,0
33,295885,336965,63,718,6,0,rent,personal,1
39,253851,844213,48,519,1,0,mortgage,business,1
38,249641,99363,16,807,12,0,rent,medical,0
37,131710,50000,31,553,4,0,rent,home_improvement,0
38,304162,509695,34,627,5,0,mortgage,home_improvement,1
36,561435,911223,19,522,4,0,rent,education,1
24,175025,512714,19,623,6,2,rent,medical,1
33,228519,399163,63,609,11,2,rent,auto,1
47,166455,50000,18,501,16,0,own,home_improvement,0
24,161438,635676,55,846,9,0,rent,education,1
36,405334,698383,28,580,10,0,mortgage,auto,1
30,139243,50000,36,580,13,0,own,personal,0
39,163110,840360,46,698,7,0,mortgage,education,1
34,29501,729709,25,765,12,1,own,education,1
53,129087,839695,46,710,9,0,mortgage,business,1
43,20000,675058,6,524,7,2,own,personal,1
25,295817,696105,44,637,7,2,own,business,1
45,555964,656216,6,469,0,1,own,personal,1
30,175999,760542,32,692,7,0,own,education,1
32,20000,50000,51,489,0,0,rent,auto,0
41,328000,50000,47,556,0,0,own,auto,0
33,132769,279198,13,620,7,0,rent,auto,1
47,375922,461054,15,656,2,0,own,personal,1
30,186157,616441,24,599,6,0,rent,personal,1
32,144182,597404,39,742,7,0,rent,business,1
31,198645,835132,6,678,7,0,rent,personal,1
32,310933,844549,36,672,2,1,rent,medical,1
49,192710,238284,42,522,10,0,rent,medical,1
44,160393,571573,31,756,6,0,rent,personal,1
55,196140,245651,45,556,8,1,own,home_improvement,1
61,67377,443526,40,759,1,0,rent,business,1
28,267644,596537,26,782,5,0,mortgage,business,1
39,20000,50000,6,661,10,2,mortgage,business,0
26,166705,1223373,38,703,10,0,rent,education,1
30,311126,669923,19,373,3,0,rent,home_improvement,1
32,256366,321289,26,604,4,0,rent,personal,1
27,290838,1078211,45,708,2,0,rent,personal,1
27,212195,395771,62,694,3,0,own,medical,1
37,360370,539756,35,522,0,2,own,auto,1
26,330964,353865,46,597,5,0,own,education,1
46,273537,995598,10,417,9,0,rent,auto,1
29,331305,468505,40,653,3,0,mortgage,auto,1
66,310051,544845,35,469,6,0,rent,home_improvement,1
33,167264,861135,58,710,5,0,mortgage,personal,1
39,58732,675542,26,715,10,0,mortgage,personal,1
25,270443,483696,32,582,4,0,rent,medical,1
55,285531,833117,55,662,4,0,mortgage,business,1
49,350857,1261545,34,603,3,1,mortgage,business,1
41,107641,595223,16,639,1,0,own,personal,1
25,111228,535028,82,528,8,0,rent,home_improvement,1
40,275188,551188,17,670,5,1,mortgage,education,1
27,211460,893129,35,489,6,0,rent,business,1
53,20000,320241,42,474,11,0,rent,personal,1
46,265013,416505,41,610,11,0,own,auto,1
39,20000,50000,33,603,0,0,rent,education,0
18,106569,144840,33,642,9,2,rent,education,1
28,382202,344660,32,568,7,1,mortgage,personal,1
45,438985,483219,16,771,4,0,rent,education,1
50,74121,1030725,75,633,7,0,own,medical,1
49,180473,660798,32,639,0,0,own,auto,1
22,225115,226376,47,636,12,0,rent,education,1
41,433747,281606,30,700,8,1,mortgage,auto,1
48,160856,912425,30,666,3,1,own,business,1
21,162774,837983,28,655,4,2,own,education,1
38,405847,508445,8,679,0,0,own,education,1
41,175025,367242,33,474,5,0,mortgage,home_improvement,1
35,306664,837480,29,477,4,0,mortgage,medical,1
19,42743,202002,57,614,1,1,rent,personal,1
35,199452,617609,14,604,9,0,rent,medical,1
35,20848,1181798,26,666,11,0,own,home_improvement,1
37,93348,561607,20,622,6,0,mortgage,personal,1
32,320704,267317,62,667,5,1,mortgage,education,1
34,214011,623111,20,520,8,0,rent,personal,1
38,181707,358997,46,619,6,0,mortgage,business,1
42,130150,81765,53,513,2,0,rent,medical,0
35,193521,710311,33,651,3,0,rent,home_improvement,1
34,256134,835350,11,470,5,0,own,medical,1
39,337950,406728,11,648,7,0,rent,personal,1
19,20000,386829,51,502,6,1,own,education,1
43,120189,211530,13,589,7,1,rent,home_improvement,1
38,239092,455019,43,692,0,1,mortgage,personal,1
38,208136,331289,38,638,9,0,mortgage,personal,1
48,268405,196690,43,488,6,0,rent,medical,1
18,252105,1067651,44,566,16,0,own,education,1
18,183416,639948,19,500,4,0,mortgage,personal,1
41,156778,671719,18,484,7,1,rent,personal,1
38,190540,765020,49,629,17,0,mortgage,auto,1
40,357849,731311,25,665,7,0,own,medical,1
33,132159,376067,6,655,6,0,rent,auto,1
45,212463,581766,48,668,2,0,mortgage,auto,1
47,242001,419291,17,619,12,0,rent,business,1
43,407242,631539,44,598,1,1,rent,personal,1
35,183963,602507,61,534,8,0,rent,medical,1
18,335057,385202,36,585,4,0,mortgage,auto,1
46,367838,101210,54,514,5,0,mortgage,auto,0
50,212349,543871,39,552,0,0,rent,education,1
44,194714,438719,65,627,11,1,rent,medical,1
29,180514,50000,17,611,5,2,rent,home_improvement,0
45,189301,652299,36,850,1,0,own,personal,1
47,322509,789603,48,512,11,0,rent,personal,1
54,247721,1258507,33,610,4,0,rent,auto,1
29,248235,382641,57,506,7,0,rent,education,1
36,84973,338386,28,589,9,0,own,personal,1
45,103901,167174,73,592,8,0,own,home_improvement,0
39,477214,562593,74,688,0,1,own,business,1
27,198661,560695,41,584,9,0,rent,auto,1
42,127027,256611,46,605,6,0,own,auto,1
44,391732,447521,57,586,5,0,own,personal,1
39,253817,50000,15,508,6,0,own,education,0
40,289379,777913,12,568,0,1,rent,education,1
35,203434,268796,59,589,7,0,rent,home_improvement,1
53,181759,489603,41,626,1,0,own,education,1
29,199650,71992,32,665,5,0,rent,personal,0
32,54071,325294,36,601,7,1,own,personal,1
38,209449,416123,6,600,10,0,rent,personal,1
47,255524,496613,33,482,3,0,rent,home_improvement,1
23,442056,643920,22,663,12,0,own,business,1
25,230320,931723,53,564,10,0,rent,business,1
18,20000,719813,54,680,4,0,rent,business,1
38,208722,788649,46,725,2,1,mortgage,personal,1
27,548740,933831,43,605,0,0,rent,medical,1
34,323964,670912,9,538,7,0,mortgage,medical,1
45,122693,488988,47,619,3,0,rent,personal,1
32,290933,802734,47,648,11,0,mortgage,auto,1
40,130958,821903,58,595,3,1,mortgage,medical,1
35,57543,694570,74,575,2,1,rent,home_improvement,1
45,178196,63612,6,665,7,0,own,personal,0
43,230983,247562,29,660,3,1,own,home_improvement,1
31,20000,417544,23,592,6,0,own,home_improvement,1
36,82101,733886,39,488,10,1,rent,home_improvement,1
48,221240,493596,36,657,6,1,mortgage,personal,1
42,171019,841061,32,559,6,0,mortgage,personal,1
24,267377,894571,54,637,7,0,mortgage,medical,1
45,74240,859751,16,632,0,1,mortgage,auto,1
27,305694,861662,17,469,8,0,mortgage,personal,1
52,77949,188902,18,626,7,1,mortgage,business,1
48,417128,644791,30,661,10,0,own,personal,1
41,20000,317741,14,671,8,1,mortgage,auto,1
40,88893,50000,35,629,5,0,own,home_improvement,0
36,270084,413759,33,462,10,0,rent,auto,1
45,419708,897421,22,722,5,0,own,home_improvement,1
34,257805,638223,52,653,7,0,rent,auto,1
40,287543,1105343,35,524,5,0,mortgage,auto,1
47,222104,553169,55,557,8,0,own,personal,1
32,96832,1234341,32,638,4,0,own,auto,1
32,161183,553256,36,674,13,0,rent,auto,1
26,74571,506744,26,581,14,0,own,business,1
27,66555,116183,36,686,9,0,rent,home_improvement,0
20,268210,833169,49,477,12,1,own,personal,1
45,85219,349362,29,537,0,0,own,personal,1
56,258346,305886,45,455,0,0,own,medical,1
52,63781,884369,21,548,5,0,rent,auto,1
22,255566,847467,50,741,6,1,own,auto,1
45,161358,839615,26,785,5,0,own,personal,1
52,388794,391343,51,639,0,1,mortgage,personal,1
33,258846,484707,37,569,11,0,mortgage,education,1
39,368294,482044,63,602,15,0,mortgage,personal,1
18,129322,734755,15,658,11,0,rent,medical,1
41,226737,966069,9,495,10,1,rent,auto,1
27,102270,610444,25,574,7,0,mortgage,auto,1
40,170367,1092467,11,735,3,1,mortgage,education,1
22,188547,769158,11,536,6,1,rent,personal,1
43,132897,429560,47,560,14,0,own,home_improvement,1
48,74140,748613,36,621,5,1,rent,medical,1
30,50378,1011782,27,643,4,0,rent,business,1
27,20000,1099487,29,570,10,1,mortgage,auto,1
18,93238,856067,25,626,11,0,mortgage,auto,1
35,295299,507702,66,669,3,1,mortgage,personal,1
32,28180,434992,23,777,5,0,rent,education,1
22,55825,672821,12,610,4,1,own,education,1
43,434908,1002192,50,617,6,2,mortgage,auto,1
34,143620,630131,32,742,10,0,own,personal,1
27,258526,636360,73,576,3,2,rent,personal,1
32,297078,515419,27,514,10,0,own,personal,1
49,299503,401633,51,640,6,0,rent,auto,1
44,37322,451360,55,706,15,2,own,education,1
37,192273,540628,27,649,7,0,mortgage,home_improvement,1
44,25813,1015430,23,612,6,1,rent,personal,1
26,513558,428086,49,504,8,0,rent,personal,1
38,28615,515784,46,615,5,0,own,auto,1
39,94259,240387,11,719,0,0,own,personal,1
33,95128,714989,16,521,5,0,rent,medical,1
42,40401,910004,6,600,5,0,rent,personal,1
30,382311,987349,47,589,0,0,mortgage,home_improvement,1
43,510694,561009,31,564,6,1,rent,business,1
44,162910,672306,33,640,0,0,own,auto,1
18,61549,453935,6,655,5,0,own,home_improvement,1
50,20000,658406,16,655,7,0,rent,education,1
18,190707,594190,27,542,6,0,own,home_improvement,1
32,182036,517479,24,488,4,0,own,personal,1
48,141844,541326,38,641,6,0,own,home_improvement,1
35,246565,635577,47,580,3,0,own,personal,1
23,267421,411754,77,767,6,1,rent,auto,1
27,258770,427251,36,771,6,1,rent,home_improvement,1
48,182065,1012209,56,779,2,1,own,auto,1
19,87805,1313164,21,545,7,0,own,personal,1
49,299900,138690,6,666,7,0,rent,personal,0
37,221502,122159,30,690,5,0,rent,personal,0
26,326603,212854,7,681,16,1,mortgage,auto,0
32,314809,469013,36,592,5,0,rent,auto,1
28,49389,768734,22,722,5,2,mortgage,education,1
47,47893,677376,6,620,4,0,own,business,1
45,129335,551609,67,630,2,1,rent,personal,1
21,93248,658681,26,497,9,2,own,business,1
34,310630,292374,7,672,3,0,rent,education,1
29,262157,426763,52,599,4,0,mortgage,medical,1
51,351902,493972,23,657,4,0,mortgage,medical,1
24,267578,50000,56,639,2,1,mortgage,home_improvement,0
54,245038,151607,23,634,0,0,own,personal,0
38,363968,163530,26,616,4,0,mortgage,education,0
26,276367,729232,42,683,9,0,own,home_improvement,1
31,228172,573606,47,604,7,0,mortgage,medical,1
30,397654,683318,50,504,12,0,rent,personal,1
25,233822,50000,34,666,9,0,mortgage,education,0
39,183479,54930,46,555,8,0,own,business,0
26,119461,698965,49,514,14,0,rent,personal,1
18,304363,50000,40,538,6,0,mortgage,education,0
34,368446,867389,33,643,6,0,own,business,1
20,213930,50000,10,612,6,1,mortgage,education,0
30,376950,753003,47,449,12,1,rent,personal,1
29,20000,233425,37,589,6,0,own,education,1
29,213346,814671,29,714,3,0,mortgage,education,1
58,215189,1462448,59,584,8,1,rent,auto,1
39,132761,50000,10,607,3,0,mortgage,medical,0
40,506063,708613,66,703,8,0,own,auto,1
20,212057,50000,36,684,8,0,rent,business,0
31,171072,628031,42,702,5,0,own,business,1
40,223115,437968,29,398,8,0,rent,business,1
28,20000,538935,6,759,0,1,mortgage,education,1
47,128816,226494,33,671,7,1,mortgage,personal,1
26,337989,734162,42,817,4,0,own,medical,1
35,144527,65493,48,557,17,0,own,personal,0
32,120535,872491,32,479,7,1,rent,education,1
40,377143,377225,6,621,4,0,rent,personal,1
32,380831,79193,8,598,0,1,mortgage,education,0
35,282039,978481,73,672,11,1,rent,medical,1
36,165386,479797,16,706,5,0,rent,auto,1
31,191263,1072291,62,613,3,0,rent,auto,1
43,123502,866407,19,601,7,0,own,personal,1
40,100627,260556,33,662,9,0,mortgage,auto,1
37,94670,474503,47,599,9,0,rent,auto,1
34,145833,536311,21,593,6,0,rent,business,1
46,95833,957891,65,703,7,0,rent,home_improvement,1
36,32355,631255,37,721,7,0,rent,home_improvement,1
35,246328,552888,44,707,7,0,rent,personal,1
39,248151,440036,31,607,8,0,mortgage,auto,1
55,424095,484833,48,449,10,0,own,auto,1
25,139799,891378,64,608,6,0,rent,medical,1
46,255532,501112,34,559,3,0,own,medical,1
19,257526,381501,67,610,5,0,mortgage,business,1
40,189539,330648,25,566,9,0,rent,auto,1
54,309320,333870,50,618,0,1,rent,education,1
43,313028,79371,45,537,0,0,mortgage,home_improvement,0
40,259289,274887,17,518,10,1,rent,personal,1
32,189323,949526,40,718,12,0,mortgage,business,1
38,177096,438020,36,542,1,0,mortgage,medical,1
35,55870,711324,21,620,6,0,mortgage,personal,1
30,123290,50000,42,696,4,0,rent,home_improvement,0
35,145359,670493,39,693,5,0,rent,business,1
40,85123,451594,35,684,7,0,mortgage,business,1
30,272791,355568,35,644,1,0,own,personal,1
30,363595,554288,34,678,2,0,rent,personal,1
24,111033,351252,29,730,5,0,own,medical,1
42,254013,50000,39,654,5,0,rent,personal,0
43,95907,776674,24,473,1,0,own,personal,1
40,183409,572905,84,578,9,0,mortgage,auto,1
48,137160,405817,11,676,4,0,own,personal,1
39,292227,210144,25,570,4,0,own,medical,0
42,138545,59043,27,750,7,0,mortgage,education,0
41,341399,567168,73,615,5,2,own,personal,1
37,190514,984032,12,627,9,0,rent,education,1
33,142048,560950,44,710,2,0,own,personal,1
60,69603,85172,40,605,0,1,rent,personal,1
